EOG091G0J7A	C0000014352_scaffold14352_cov196	0	13847
EOG091G0IYB	C0000033688_scaffold33688_cov138	0	9254
EOG091G0IYB	C0000135179_scaffold135179_cov261	0	9694
EOG091G0N0U	C0000065137_scaffold65137_cov211	4693	20890
EOG091G0N0U	C0000117484_scaffold117484_cov176	0	8320
EOG091G0QW9	C0000013596_scaffold13596_cov222	0	10981
EOG091G05RA	C0000057006_scaffold57006_cov237	0	10420
EOG091G05RA	C0000032335_scaffold32335_cov168	0	8799
EOG091G0AGM	C0000005727_scaffold5727_cov274	60827	79431
EOG091G0DXP	C0000004436_scaffold4436_cov174	0	11662
EOG091G0M0T	C0000109442_scaffold109442_cov247	0	14268
EOG091G0NRN	C0000003581_scaffold3581_cov214	1340	17528
EOG091G0NRN	C0000112440_scaffold112440_cov254	0	11134
EOG091G0NRN	C0000108099_scaffold108099_cov195	0	10327
EOG091G0QS6	C0000011414_scaffold11414_cov252	0	10107
EOG091G00GQ	C0000008960_scaffold8960_cov294	42648	87605
EOG091G0CR4	C0000008851_scaffold8851_cov152	0	11234
EOG091G020E	C0000016126_scaffold16126_cov173	149	20608
EOG091G09YB	C0000108275_scaffold108275_cov225	0	15661
EOG091G03XS	C0000028398_scaffold28398_cov277	0	12628
EOG091G02FR	C0000021733_scaffold21733_cov184	24498	42354
EOG091G0CEW	C0000001304_scaffold1304_cov188	0	10549
EOG091G0HAT	C0000016072_scaffold16072_cov306	0	13172
EOG091G0FPV	C0000007387_scaffold7387_cov261	0	10132
EOG091G0FPV	C0000005642_scaffold5642_cov100	13617	30738
EOG091G0H6A	C0000129914_scaffold129914_cov226	0	11185
EOG091G0BPU	C0000015960_scaffold15960_cov135	0	15680
EOG091G0BPU	C0000042175_scaffold42175_cov162	0	14581
EOG091G0BPU	C0000042176_scaffold42176_cov151	0	14526
EOG091G0BAG	C0000001778_scaffold1778_cov238	6294	22704
EOG091G11IM	C0000033386_scaffold33386_cov275	9399	25518
EOG091G17I3	C0000027052_scaffold27052_cov62	2964	19236
EOG091G17I3	C0000000408_scaffold408_cov99	897309	913590
EOG091G01WY	C0000042970_scaffold42970_cov158	2841	35092
EOG091G01WY	C0000002001_scaffold2001_cov60	0	15713
EOG091G00Q0	C0000119311_scaffold119311_cov296	0	10961
EOG091G0C2Z	C0000010600_scaffold10600_cov63	93	16821
EOG091G0C2Z	C0000001889_scaffold1889_cov151	0	10307
EOG091G05IH	C0000004693_scaffold4693_cov178	0	14270
EOG091G09T3	C0000015513_scaffold15513_cov53	0	11903
EOG091G09J7	C0000001379_scaffold1379_cov100	129972	146724
EOG091G0IGG	C0000017568_scaffold17568_cov56	0	9772
EOG091G0IGG	C0000025761_scaffold25761_cov57	0	8812
EOG091G0G88	C0000010607_scaffold10607_cov278	124972	144975
EOG091G0QE1	C0000049861_scaffold49861_cov278	852	17088
EOG091G0LT0	C0000126966_scaffold126966_cov233	0	11863
EOG091G0OY0	C0000017584_scaffold17584_cov272	0	9956
EOG091G0TAU	C0000035513_scaffold35513_cov189	9207	26133
EOG091G0IMD	C0000000835_scaffold835_cov98	41265	57882
EOG091G0IMD	C0000028786_scaffold28786_cov50	0	9967
EOG091G0IMD	C0000049902_scaffold49902_cov272	2635	26510
EOG091G06HP	C0000108388_scaffold108388_cov243	0	9915
EOG091G0DWW	C0000135894_scaffold135894_cov233	0	10214
EOG091G09O7	C0000039293_scaffold39293_cov229	5405	21731
EOG091G09O7	C0000001122_scaffold1122_cov187	0	9458
EOG091G017T	C0000041819_scaffold41819_cov289	0	20702
EOG091G0P5H	C0000023019_scaffold23019_cov204	0	12847
EOG091G07KL	C0000059137_scaffold59137_cov241	0	15685
EOG091G07KL	C0000046901_scaffold46901_cov140	24763	41677
EOG091G0Q27	C0000036970_scaffold36970_cov183	0	11112
EOG091G0Q27	C0000133576_scaffold133576_cov275	0	9894
EOG091G0GKH	C0000107872_scaffold107872_cov185	0	12172
EOG091G0EZ8	C0000133856_scaffold133856_cov233	0	10619
EOG091G0EZ8	C0000020456_scaffold20456_cov241	29668	45922
EOG091G0PL0	C0000071278_scaffold71278_cov174	0	12671
EOG091G0PL0	C0000022029_scaffold22029_cov143	0	13935
EOG091G075K	C0000020988_scaffold20988_cov145	0	11454
EOG091G0P4K	C0000039941_scaffold39941_cov201	0	9737
EOG091G05X1	C0000122379_scaffold122379_cov303	0	8678
EOG091G0CW2	C0000129589_scaffold129589_cov261	0	8348
EOG091G0CW2	C0000124275_scaffold124275_cov282	0	9379
EOG091G0HOK	C0000010747_scaffold10747_cov139	5912	22157
EOG091G0HOK	C0000050409_scaffold50409_cov130	0	9120
EOG091G0HOK	C0000133117_scaffold133117_cov240	0	8528
EOG091G01XD	C0000020789_scaffold20789_cov149	0	17928
EOG091G01XD	C0000137589_scaffold137589_cov324	0	8337
EOG091G01IW	C0000002578_scaffold2578_cov201	0	26054
EOG091G02IP	C0000003651_scaffold3651_cov264	24201	42093
EOG091G0HP9	C0000108287_scaffold108287_cov213	12934	29143
EOG091G00MA	C0000052876_scaffold52876_cov269	88822	107953
EOG091G0E5O	C0000111204_scaffold111204_cov303	0	15582
EOG091G08LT	C0000003355_scaffold3355_cov269	52945	69724
EOG091G0GY1	C0000019512_scaffold19512_cov280	8853	30218
EOG091G0AYM	C0000021551_scaffold21551_cov141	0	9589
EOG091G1467	C0000017650_scaffold17650_cov252	0	10347
EOG091G0RM8	C0000027066_scaffold27066_cov157	0	11396
EOG091G0EHY	C0000005681_scaffold5681_cov248	0	10623
EOG091G0EHY	C0000116091_scaffold116091_cov303	0	9513
EOG091G0Z6Z	C0000140481_scaffold140481_cov317	0	9461
EOG091G07EJ	C0000000823_scaffold823_cov99	291483	308124
EOG091G0321	C0000013945_scaffold13945_cov236	0	10125
EOG091G0321	C0000111354_scaffold111354_cov381	0	9059
EOG091G0321	C0000124629_scaffold124629_cov275	0	8157
EOG091G0ZTA	C0000013655_scaffold13655_cov263	0	11821
EOG091G05D7	C0000000048_scaffold48_cov171	0	17022
EOG091G0PVT	C0000131324_scaffold131324_cov247	0	8572
EOG091G0530	C0000018132_scaffold18132_cov59	0	16748
EOG091G0530	C0000014205_scaffold14205_cov56	0	16052
EOG091G0530	C0000000408_scaffold408_cov99	96180	113826
EOG091G0C8H	C0000020209_scaffold20209_cov203	0	14421
EOG091G10SA	C0000050629_scaffold50629_cov173	0	9384
EOG091G04RS	C0000096105_scaffold96105_cov277	0	27566
EOG091G05AH	C0000132723_scaffold132723_cov268	0	9009
EOG091G05AH	C0000024437_scaffold24437_cov56	0	15487
EOG091G0BTX	C0000134613_scaffold134613_cov183	0	12511
EOG091G0F93	C0000013495_scaffold13495_cov207	0	37739
EOG091G036C	C0000012071_scaffold12071_cov178	33112	50365
EOG091G08SM	C0000016970_scaffold16970_cov174	0	13643
EOG091G08SM	C0000017569_scaffold17569_cov181	0	11497
EOG091G0E2X	C0000028398_scaffold28398_cov277	22683	38829
EOG091G0554	C0000077099_scaffold77099_cov290	0	23281
EOG091G0W2D	C0000003617_scaffold3617_cov264	9277	25480
EOG091G0F0I	C0000111966_scaffold111966_cov303	0	8270
EOG091G0F0I	C0000118646_scaffold118646_cov254	0	10363
EOG091G074U	C0000116764_scaffold116764_cov282	0	12952
EOG091G0KC3	C0000115286_scaffold115286_cov261	0	9207
EOG091G040D	C0000040729_scaffold40729_cov184	0	12324
EOG091G040D	C0000045708_scaffold45708_cov177	0	13019
EOG091G01EW	C0000000823_scaffold823_cov99	346028	363995
EOG091G01EW	C0000005515_scaffold5515_cov213	0	19372
EOG091G0HTU	C0000006174_scaffold6174_cov220	0	14399
EOG091G0YCT	C0000005180_scaffold5180_cov197	0	16912
EOG091G0EHZ	C0000114706_scaffold114706_cov211	0	8694
EOG091G0EHZ	C0000132536_scaffold132536_cov233	0	8533
EOG091G0VMU	C0000014618_scaffold14618_cov198	1795	17971
EOG091G00VZ	C0000008482_scaffold8482_cov281	124001	149197
EOG091G0N9D	C0000002977_scaffold2977_cov241	0	10948
EOG091G0I2X	C0000110445_scaffold110445_cov274	453	16587
EOG091G0YUO	C0000107844_scaffold107844_cov161	0	14278
EOG091G0QRW	C0000040713_scaffold40713_cov129	0	9583
EOG091G0QRW	C0000019475_scaffold19475_cov158	0	9838
EOG091G13IJ	C0000012135_scaffold12135_cov159	0	14595
EOG091G13IJ	C0000084928_scaffold84928_cov156	0	11198
EOG091G0Z43	C0000013346_scaffold13346_cov294	147330	163515
EOG091G02V5	C0000003700_scaffold3700_cov172	0	14423
EOG091G0NQW	C0000107661_scaffold107661_cov243	11488	28441
EOG091G0NQW	C0000035378_scaffold35378_cov160	0	11336
EOG091G026I	C0000038082_scaffold38082_cov180	0	16005
EOG091G0QBN	C0000112426_scaffold112426_cov218	0	9310
EOG091G0R21	C0000138321_scaffold138321_cov254	0	9709
EOG091G0R21	C0000142129_scaffold142129_cov226	0	8456
EOG091G0RWW	C0000108101_scaffold108101_cov204	1532	17642
EOG091G0NP7	C0000124042_scaffold124042_cov226	0	8682
EOG091G0RTI	C0000029086_scaffold29086_cov198	5920	22129
EOG091G0H3U	C0000002680_scaffold2680_cov152	0	21417
EOG091G03Z1	C0000015730_scaffold15730_cov174	1204	17629
EOG091G04WH	C0000041062_scaffold41062_cov184	785	20012
EOG091G03X8	C0000034278_scaffold34278_cov289	53187	70974
EOG091G0JU7	C0000020413_scaffold20413_cov209	0	17803
EOG091G0IZX	C0000027294_scaffold27294_cov164	0	11221
EOG091G0IZX	C0000125141_scaffold125141_cov254	0	8430
EOG091G05NK	C0000115305_scaffold115305_cov296	0	8539
EOG091G0OTI	C0000037621_scaffold37621_cov272	29487	45600
EOG091G09D8	C0000007876_scaffold7876_cov262	10818	27159
EOG091G09D8	C0000107879_scaffold107879_cov233	3978	20861
EOG091G0T79	C0000013879_scaffold13879_cov63	27608	43952
EOG091G0T79	C0000002979_scaffold2979_cov102	45655	62038
EOG091G03SE	C0000032249_scaffold32249_cov229	0	11944
EOG091G0VQK	C0000111491_scaffold111491_cov247	0	9527
EOG091G03ZS	C0000012694_scaffold12694_cov216	0	11900
EOG091G0TCJ	C0000040735_scaffold40735_cov212	0	16234
EOG091G0RR3	C0000009895_scaffold9895_cov137	0	14452
EOG091G0K0H	C0000108407_scaffold108407_cov211	0	16958
EOG091G03TX	C0000016262_scaffold16262_cov285	0	21284
EOG091G0FOR	C0000010607_scaffold10607_cov278	91975	108124
EOG091G05XY	C0000030082_scaffold30082_cov212	0	12746
EOG091G0JI0	C0000000545_scaffold545_cov267	0	16636
EOG091G0DXC	C0000019888_scaffold19888_cov296	0	9044
EOG091G0DQT	C0000007555_scaffold7555_cov219	0	10928
EOG091G0MUD	C0000110384_scaffold110384_cov107	53666	70268
EOG091G0MUD	C0000001419_scaffold1419_cov56	1538	18131
EOG091G0K92	C0000001578_scaffold1578_cov157	0	10639
EOG091G0O5A	C0000093823_scaffold93823_cov232	0	10092
EOG091G09KK	C0000004959_scaffold4959_cov195	2629	21336
EOG091G09KK	C0000006075_scaffold6075_cov157	12957	29565
EOG091G0EH8	C0000130969_scaffold130969_cov240	0	11586
EOG091G05OR	C0000020879_scaffold20879_cov176	7084	24256
EOG091G0FIJ	C0000029298_scaffold29298_cov276	382	21616
EOG091G05ZE	C0000141182_scaffold141182_cov275	0	9071
EOG091G0IQ7	C0000000823_scaffold823_cov99	242998	259504
EOG091G0I1O	C0000029292_scaffold29292_cov285	0	9085
EOG091G0A5N	C0000018169_scaffold18169_cov210	0	11245
EOG091G0ZWE	C0000108349_scaffold108349_cov163	471	16818
EOG091G0ZWE	C0000069853_scaffold69853_cov294	255	16491
EOG091G0J98	C0000137242_scaffold137242_cov247	0	9339
EOG091G0J98	C0000126473_scaffold126473_cov190	0	8312
EOG091G0LTE	C0000127102_scaffold127102_cov261	0	8694
EOG091G0LTE	C0000009577_scaffold9577_cov115	0	12793
EOG091G0AEL	C0000124490_scaffold124490_cov310	0	13759
EOG091G0MLX	C0000029204_scaffold29204_cov253	0	23206
EOG091G15N9	C0000000823_scaffold823_cov99	111308	127592
EOG091G15N9	C0000010575_scaffold10575_cov58	7245	23523
EOG091G15N9	C0000136299_scaffold136299_cov190	0	8420
EOG091G0HJH	C0000029893_scaffold29893_cov169	0	9344
EOG091G0HJH	C0000048877_scaffold48877_cov167	0	9343
EOG091G0HJH	C0000005534_scaffold5534_cov171	0	11210
EOG091G0AKW	C0000056885_scaffold56885_cov262	0	27842
EOG091G0O6E	C0000000823_scaffold823_cov99	106637	123080
EOG091G0O6E	C0000014224_scaffold14224_cov61	0	14939
EOG091G0O6E	C0000046909_scaffold46909_cov112	0	8549
EOG091G11PB	C0000130640_scaffold130640_cov268	0	9676
EOG091G0PAG	C0000108790_scaffold108790_cov268	0	9743
EOG091G0PAG	C0000051301_scaffold51301_cov239	5069	21278
EOG091G02P2	C0000108170_scaffold108170_cov214	4379	20615
EOG091G02P2	C0000130520_scaffold130520_cov261	0	9667
EOG091G0A2I	C0000125584_scaffold125584_cov233	0	10314
EOG091G0A2I	C0000064599_scaffold64599_cov254	0	8412
EOG091G0A2I	C0000011009_scaffold11009_cov261	0	9799
EOG091G0GDF	C0000011814_scaffold11814_cov235	0	12793
EOG091G0W5M	C0000115696_scaffold115696_cov254	0	15278
EOG091G0M22	C0000119467_scaffold119467_cov240	0	8309
EOG091G0M22	C0000030434_scaffold30434_cov203	0	15894
EOG091G0DQ3	C0000051049_scaffold51049_cov257	0	16356
EOG091G049W	C0000003577_scaffold3577_cov221	0	15213
EOG091G07IY	C0000015249_scaffold15249_cov257	26062	43093
EOG091G029K	C0000043299_scaffold43299_cov190	0	8620
EOG091G029K	C0000043298_scaffold43298_cov169	0	8620
EOG091G0HQ3	C0000115083_scaffold115083_cov317	0	8557
EOG091G10MO	C0000010415_scaffold10415_cov147	1452	17667
EOG091G04JK	C0000125170_scaffold125170_cov261	0	12955
EOG091G03C0	C0000087269_scaffold87269_cov177	0	9797
EOG091G0E3F	C0000017046_scaffold17046_cov153	0	11481
EOG091G0MI7	C0000123533_scaffold123533_cov303	0	9768
EOG091G0MI7	C0000001478_scaffold1478_cov227	504	16671
EOG091G0TSE	C0000071159_scaffold71159_cov244	0	9312
EOG091G0L5D	C0000034919_scaffold34919_cov315	90464	107063
EOG091G0GVZ	C0000009458_scaffold9458_cov245	0	12706
EOG091G0FH3	C0000011736_scaffold11736_cov55	3321	19656
EOG091G0DQS	C0000112547_scaffold112547_cov233	0	9696
EOG091G06MR	C0000067925_scaffold67925_cov179	0	13052
EOG091G06MR	C0000022311_scaffold22311_cov144	0	15194
EOG091G0U2U	C0000119128_scaffold119128_cov240	0	8297
EOG091G0U2U	C0000009129_scaffold9129_cov166	0	9173
EOG091G0L4M	C0000000408_scaffold408_cov99	40010	56540
EOG091G0G3M	C0000133412_scaffold133412_cov289	0	8388
EOG091G0G3M	C0000027556_scaffold27556_cov156	0	11378
EOG091G023Z	C0000018227_scaffold18227_cov191	0	17024
EOG091G01XQ	C0000121213_scaffold121213_cov247	0	11352
EOG091G01XQ	C0000003019_scaffold3019_cov248	0	11697
EOG091G0IF3	C0000029018_scaffold29018_cov177	0	14257
EOG091G0BUD	C0000040146_scaffold40146_cov205	0	9212
EOG091G0BUD	C0000014347_scaffold14347_cov264	0	12041
EOG091G0BUD	C0000134289_scaffold134289_cov282	0	10240
EOG091G05ZJ	C0000003632_scaffold3632_cov246	7734	25881
EOG091G06U0	C0000003864_scaffold3864_cov275	16005	37665
EOG091G06U0	C0000041548_scaffold41548_cov265	7900	28475
EOG091G0ARL	C0000017910_scaffold17910_cov140	0	9878
EOG091G0II3	C0000021941_scaffold21941_cov271	2293	20839
EOG091G0XRQ	C0000060788_scaffold60788_cov242	0	14379
EOG091G0GMC	C0000097222_scaffold97222_cov296	0	8994
EOG091G0GMC	C0000006986_scaffold6986_cov275	6017	22157
EOG091G0TM2	C0000012080_scaffold12080_cov213	20604	36825
EOG091G0NTO	C0000011650_scaffold11650_cov233	0	8965
EOG091G0M12	C0000003307_scaffold3307_cov254	64661	84544
EOG091G03XO	C0000008840_scaffold8840_cov215	5920	32225
EOG091G03XO	C0000039028_scaffold39028_cov113	0	12960
EOG091G074J	C0000017914_scaffold17914_cov136	1468	18607
EOG091G074J	C0000013691_scaffold13691_cov146	0	11462
EOG091G03BV	C0000134511_scaffold134511_cov268	0	14587
EOG091G03BV	C0000004588_scaffold4588_cov209	0	11880
EOG091G05T4	C0000112215_scaffold112215_cov289	0	9103
EOG091G04LC	C0000125238_scaffold125238_cov352	0	9041
EOG091G04LC	C0000122247_scaffold122247_cov190	0	8724
EOG091G0XXE	C0000108363_scaffold108363_cov241	0	8275
EOG091G0ZDR	C0000134846_scaffold134846_cov233	0	9781
EOG091G0FZN	C0000114643_scaffold114643_cov204	0	8589
EOG091G0N0A	C0000009225_scaffold9225_cov131	0	11584
EOG091G0G46	C0000112474_scaffold112474_cov218	0	10077
EOG091G0L3L	C0000017362_scaffold17362_cov213	0	14872
EOG091G09UA	C0000015300_scaffold15300_cov267	17057	40255
EOG091G0JMY	C0000016394_scaffold16394_cov184	0	10547
EOG091G0VZF	C0000129570_scaffold129570_cov296	0	8174
EOG091G02B4	C0000117568_scaffold117568_cov254	0	9825
EOG091G0L5Z	C0000022837_scaffold22837_cov155	0	12217
EOG091G0L5Z	C0000075635_scaffold75635_cov162	0	9128
EOG091G0L5Z	C0000108681_scaffold108681_cov258	0	9889
EOG091G053R	C0000005728_scaffold5728_cov221	0	9126
EOG091G0HS8	C0000034014_scaffold34014_cov157	0	10157
EOG091G0HS8	C0000035598_scaffold35598_cov155	0	10140
EOG091G0ERU	C0000136522_scaffold136522_cov247	0	10062
EOG091G02O5	C0000108643_scaffold108643_cov183	0	14975
EOG091G0HS4	C0000122110_scaffold122110_cov359	0	9424
EOG091G0M0J	C0000021216_scaffold21216_cov131	0	15396
EOG091G027G	C0000049168_scaffold49168_cov252	0	24489
EOG091G0WAL	C0000133455_scaffold133455_cov275	0	11709
EOG091G0K6O	C0000003609_scaffold3609_cov169	13437	29727
EOG091G01VH	C0000126644_scaffold126644_cov261	0	13649
EOG091G0FS8	C0000000408_scaffold408_cov99	461008	477574
EOG091G0DND	C0000009116_scaffold9116_cov260	0	24089
EOG091G0H62	C0000071965_scaffold71965_cov272	21752	38267
EOG091G0H0S	C0000000408_scaffold408_cov99	1048730	1065254
EOG091G0MDG	C0000124243_scaffold124243_cov254	0	8272
EOG091G00L0	C0000035997_scaffold35997_cov279	0	12986
EOG091G00L0	C0000060402_scaffold60402_cov244	0	10391
EOG091G0KM6	C0000005044_scaffold5044_cov230	0	16967
EOG091G0KM6	C0000083408_scaffold83408_cov220	0	14689
EOG091G0BHP	C0000115233_scaffold115233_cov233	0	8817
EOG091G0BHP	C0000018202_scaffold18202_cov60	5867	22598
EOG091G0LT1	C0000001771_scaffold1771_cov99	41705	58025
EOG091G00GM	C0000011372_scaffold11372_cov156	0	15245
EOG091G0IDS	C0000017345_scaffold17345_cov289	3025	19285
EOG091G0IDS	C0000001822_scaffold1822_cov293	73472	89690
EOG091G02C8	C0000114508_scaffold114508_cov282	0	8368
EOG091G02C8	C0000012715_scaffold12715_cov200	40348	56572
EOG091G15XZ	C0000008391_scaffold8391_cov177	10810	27001
EOG091G0JBM	C0000027476_scaffold27476_cov242	54246	70707
EOG091G0B27	C0000127714_scaffold127714_cov303	0	11758
EOG091G0OPI	C0000000408_scaffold408_cov99	234449	250922
EOG091G0OPI	C0000011058_scaffold11058_cov59	1787	18236
EOG091G028G	C0000020576_scaffold20576_cov187	0	17317
EOG091G0KHF	C0000021154_scaffold21154_cov195	0	10545
EOG091G024J	C0000000392_scaffold392_cov151	0	16470
EOG091G024J	C0000000391_scaffold391_cov142	0	16626
EOG091G024J	C0000042092_scaffold42092_cov268	0	14001
EOG091G1817	C0000112762_scaffold112762_cov268	0	9999
EOG091G1817	C0000132275_scaffold132275_cov296	0	11508
EOG091G08BK	C0000035097_scaffold35097_cov257	65063	87786
EOG091G0AGT	C0000111703_scaffold111703_cov218	0	11367
EOG091G0AGT	C0000001368_scaffold1368_cov158	370	16480
EOG091G01XI	C0000023502_scaffold23502_cov213	0	16332
EOG091G03I1	C0000007101_scaffold7101_cov208	0	15231
EOG091G03I1	C0000010363_scaffold10363_cov173	0	11427
EOG091G0VVZ	C0000007309_scaffold7309_cov273	0	13004
EOG091G0KEQ	C0000019507_scaffold19507_cov207	5488	24261
EOG091G08PW	C0000042081_scaffold42081_cov231	0	14783
EOG091G07IK	C0000018650_scaffold18650_cov157	0	14438
EOG091G07IK	C0000006720_scaffold6720_cov122	0	10747
EOG091G07IK	C0000118541_scaffold118541_cov310	0	8222
EOG091G09KI	C0000022018_scaffold22018_cov177	3803	19988
EOG091G09KI	C0000031719_scaffold31719_cov267	0	14214
EOG091G0IS6	C0000000408_scaffold408_cov99	1003852	1020460
EOG091G0IS6	C0000011762_scaffold11762_cov64	3765	20409
EOG091G0IS6	C0000000175_scaffold175_cov99	48328	64978
EOG091G19Y2	C0000007068_scaffold7068_cov219	61994	78272
EOG091G0ZNH	C0000010843_scaffold10843_cov229	0	15345
EOG091G08ZR	C0000137500_scaffold137500_cov261	0	12531
EOG091G0NTZ	C0000005703_scaffold5703_cov204	0	9777
EOG091G0YHX	C0000001406_scaffold1406_cov221	6186	22365
EOG091G0YHX	C0000141866_scaffold141866_cov197	0	11469
EOG091G02UC	C0000013773_scaffold13773_cov177	1074	32687
EOG091G0H14	C0000016220_scaffold16220_cov189	6760	22936
EOG091G1285	C0000000731_scaffold731_cov278	95532	111630
EOG091G0IXY	C0000019100_scaffold19100_cov223	0	8299
EOG091G0IXY	C0000114114_scaffold114114_cov261	0	12462
EOG091G066W	C0000008166_scaffold8166_cov58	0	11945
EOG091G066W	C0000043339_scaffold43339_cov193	0	12831
EOG091G0LPW	C0000082446_scaffold82446_cov268	0	9726
EOG091G0LPW	C0000082445_scaffold82445_cov233	0	9675
EOG091G09GA	C0000126472_scaffold126472_cov233	0	9678
EOG091G0D8N	C0000005812_scaffold5812_cov195	44338	61183
EOG091G05SE	C0000138727_scaffold138727_cov254	0	9811
EOG091G05SE	C0000120674_scaffold120674_cov247	0	8943
EOG091G05SE	C0000006520_scaffold6520_cov215	0	13496
EOG091G0CXE	C0000133645_scaffold133645_cov261	0	9450
EOG091G04CK	C0000018806_scaffold18806_cov160	0	14531
EOG091G04CK	C0000047553_scaffold47553_cov204	0	9167
EOG091G09L6	C0000105940_scaffold105940_cov190	0	9275
EOG091G09L6	C0000105939_scaffold105939_cov169	0	9271
EOG091G0AQA	C0000035299_scaffold35299_cov229	0	18415
EOG091G07N8	C0000023366_scaffold23366_cov223	0	13906
EOG091G07N8	C0000107570_scaffold107570_cov204	4733	22727
EOG091G06JJ	C0000035957_scaffold35957_cov226	0	14075
EOG091G09FV	C0000002457_scaffold2457_cov59	4342	21241
EOG091G01GC	C0000029458_scaffold29458_cov155	0	20299
EOG091G01GC	C0000141008_scaffold141008_cov233	0	9265
EOG091G00AH	C0000015784_scaffold15784_cov246	16631	54386
EOG091G0PD3	C0000113434_scaffold113434_cov282	0	10620
EOG091G0MDD	C0000029447_scaffold29447_cov271	0	9910
EOG091G04EX	C0000057158_scaffold57158_cov217	0	13724
EOG091G0EKA	C0000020079_scaffold20079_cov154	0	12994
EOG091G0EKA	C0000099647_scaffold99647_cov148	0	12949
EOG091G0HSB	C0000114146_scaffold114146_cov247	0	12641
EOG091G0LP5	C0000108345_scaffold108345_cov177	0	8220
EOG091G0R6Z	C0000140109_scaffold140109_cov247	0	16567
EOG091G10O5	C0000107959_scaffold107959_cov200	5696	34423
EOG091G0SNM	C0000133777_scaffold133777_cov268	0	8412
EOG091G0DRZ	C0000113627_scaffold113627_cov261	0	11644
EOG091G0CAR	C0000118575_scaffold118575_cov254	0	10087
EOG091G14DH	C0000000408_scaffold408_cov99	296101	312367
EOG091G14DH	C0000120327_scaffold120327_cov261	0	8911
EOG091G08D1	C0000127262_scaffold127262_cov254	0	11185
EOG091G0BG4	C0000032554_scaffold32554_cov215	0	10865
EOG091G0BG4	C0000091553_scaffold91553_cov202	0	8642
EOG091G0BG4	C0000038157_scaffold38157_cov272	0	8642
EOG091G0KPB	C0000007440_scaffold7440_cov240	6064	22243
EOG091G0AVA	C0000046062_scaffold46062_cov226	7321	26475
EOG091G15KV	C0000108488_scaffold108488_cov213	2416	18559
EOG091G09HR	C0000023794_scaffold23794_cov163	0	13530
EOG091G0RI9	C0000004297_scaffold4297_cov268	78054	94371
EOG091G0A79	C0000134988_scaffold134988_cov204	0	8334
EOG091G0A79	C0000015617_scaffold15617_cov197	0	9420
EOG091G0O97	C0000132585_scaffold132585_cov240	0	11014
EOG091G0D7V	C0000001150_scaffold1150_cov275	0	15082
EOG091G0PXB	C0000139514_scaffold139514_cov226	0	13288
EOG091G0PXB	C0000030216_scaffold30216_cov213	0	8231
EOG091G04D1	C0000108543_scaffold108543_cov190	0	14140
EOG091G04D1	C0000137750_scaffold137750_cov310	0	9215
EOG091G08Y9	C0000022775_scaffold22775_cov52	0	11646
EOG091G08Y9	C0000061162_scaffold61162_cov160	18277	37426
EOG091G01TX	C0000000353_scaffold353_cov265	3983	20285
EOG091G09BP	C0000003309_scaffold3309_cov57	8369	25511
EOG091G040G	C0000021653_scaffold21653_cov285	77544	103806
EOG091G040G	C0000139463_scaffold139463_cov226	0	10163
EOG091G03JX	C0000107870_scaffold107870_cov235	13994	30656
EOG091G0PUZ	C0000001746_scaffold1746_cov281	65333	81710
EOG091G0PUZ	C0000008031_scaffold8031_cov59	0	12426
EOG091G0PUZ	C0000029234_scaffold29234_cov283	17015	34183
EOG091G0HZK	C0000002099_scaffold2099_cov165	0	16080
EOG091G0D26	C0000000048_scaffold48_cov171	621	17019
EOG091G05IK	C0000009677_scaffold9677_cov130	10583	27494
EOG091G184V	C0000020653_scaffold20653_cov291	8156	24614
EOG091G11CG	C0000004009_scaffold4009_cov210	13575	29829
EOG091G02O6	C0000018693_scaffold18693_cov115	0	20132
EOG091G02O6	C0000065959_scaffold65959_cov121	0	14561
EOG091G0GQO	C0000055044_scaffold55044_cov203	0	11361
EOG091G0GQO	C0000059504_scaffold59504_cov227	0	8683
EOG091G126R	C0000059865_scaffold59865_cov168	0	9128
EOG091G0262	C0000127572_scaffold127572_cov247	0	10455
EOG091G08L8	C0000129622_scaffold129622_cov289	0	8176
EOG091G00Z3	C0000017459_scaffold17459_cov208	5235	33758
EOG091G04GK	C0000010279_scaffold10279_cov247	1514	20324
EOG091G04GK	C0000108605_scaffold108605_cov235	0	13871
EOG091G0C6I	C0000108395_scaffold108395_cov188	0	14209
EOG091G0I7M	C0000010788_scaffold10788_cov248	0	15170
EOG091G0D04	C0000130542_scaffold130542_cov254	0	11112
EOG091G02LY	C0000029216_scaffold29216_cov133	0	14008
EOG091G06I3	C0000096762_scaffold96762_cov205	0	8976
EOG091G06XK	C0000136825_scaffold136825_cov226	0	9354
EOG091G0M24	C0000002435_scaffold2435_cov268	178949	196382
EOG091G0LCK	C0000118718_scaffold118718_cov254	0	11701
EOG091G0EM6	C0000000175_scaffold175_cov99	59027	75266
EOG091G0GIC	C0000066958_scaffold66958_cov227	0	11008
EOG091G046Y	C0000001092_scaffold1092_cov160	0	22824
EOG091G05NZ	C0000016177_scaffold16177_cov157	2928	20595
EOG091G05NZ	C0000024621_scaffold24621_cov256	0	12773
EOG091G05NZ	C0000007275_scaffold7275_cov179	861	17868
EOG091G0CZX	C0000038261_scaffold38261_cov163	2302	18478
EOG091G0CZX	C0000127740_scaffold127740_cov275	0	8354
EOG091G0PNO	C0000131849_scaffold131849_cov254	0	8814
EOG091G050A	C0000013249_scaffold13249_cov170	0	10172
EOG091G050A	C0000013250_scaffold13250_cov165	0	10018
EOG091G07KC	C0000107808_scaffold107808_cov244	0	25114
EOG091G07KC	C0000013087_scaffold13087_cov207	9351	25545
EOG091G0WUF	C0000024829_scaffold24829_cov254	0	12712
EOG091G10IX	C0000140856_scaffold140856_cov218	0	8338
EOG091G0K1H	C0000015606_scaffold15606_cov252	0	12600
EOG091G0JZV	C0000001164_scaffold1164_cov154	8901	25239
EOG091G046H	C0000138940_scaffold138940_cov296	0	12991
EOG091G046H	C0000107739_scaffold107739_cov197	597	18734
EOG091G05UF	C0000133240_scaffold133240_cov226	0	8406
EOG091G05UF	C0000020301_scaffold20301_cov246	0	9292
EOG091G05UF	C0000018425_scaffold18425_cov148	0	11592
EOG091G0SOZ	C0000137030_scaffold137030_cov233	0	10082
EOG091G0781	C0000005369_scaffold5369_cov183	0	14135
EOG091G0PIU	C0000046176_scaffold46176_cov180	0	9728
EOG091G01MK	C0000004841_scaffold4841_cov272	0	31306
EOG091G0DYW	C0000090767_scaffold90767_cov169	0	9010
EOG091G0DYW	C0000090766_scaffold90766_cov188	0	8995
EOG091G0DYW	C0000116546_scaffold116546_cov275	0	8828
EOG091G09UB	C0000115590_scaffold115590_cov247	0	9013
EOG091G0CNT	C0000111956_scaffold111956_cov268	0	14074
EOG091G0G6Z	C0000001643_scaffold1643_cov154	5621	22184
EOG091G0G6Z	C0000058046_scaffold58046_cov162	0	11456
EOG091G0G6Z	C0000000598_scaffold598_cov275	29058	51897
EOG091G0JUY	C0000114062_scaffold114062_cov247	3766	21838
EOG091G0T5O	C0000108693_scaffold108693_cov176	0	9088
EOG091G0T5O	C0000041376_scaffold41376_cov153	0	8994
EOG091G06Y3	C0000009234_scaffold9234_cov138	1639	18973
EOG091G03TZ	C0000033780_scaffold33780_cov186	0	11016
EOG091G03TZ	C0000023370_scaffold23370_cov190	0	10999
EOG091G078D	C0000013631_scaffold13631_cov204	8636	26839
EOG091G078D	C0000132642_scaffold132642_cov254	0	16472
EOG091G0LVQ	C0000113789_scaffold113789_cov211	0	9436
EOG091G0JYQ	C0000037007_scaffold37007_cov239	0	17447
EOG091G0WZ0	C0000010980_scaffold10980_cov208	0	11069
EOG091G0C2M	C0000023285_scaffold23285_cov283	0	11553
EOG091G01TH	C0000124061_scaffold124061_cov310	0	14281
EOG091G0TA6	C0000006323_scaffold6323_cov186	6339	22500
EOG091G0N9Z	C0000026253_scaffold26253_cov303	0	8123
EOG091G0ELS	C0000014004_scaffold14004_cov129	10532	30964
EOG091G0ELS	C0000004492_scaffold4492_cov115	710	16862
EOG091G0ELS	C0000033585_scaffold33585_cov125	0	9140
EOG091G0M3C	C0000000408_scaffold408_cov99	1091210	1107983
EOG091G0M3C	C0000062057_scaffold62057_cov289	0	16137
EOG091G096V	C0000128591_scaffold128591_cov226	0	9874
EOG091G0LZ0	C0000118787_scaffold118787_cov247	0	9539
EOG091G0ER1	C0000021382_scaffold21382_cov236	6453	22785
EOG091G0ER1	C0000025946_scaffold25946_cov276	0	15567
EOG091G0BN4	C0000108060_scaffold108060_cov211	10272	26487
EOG091G0BN4	C0000129492_scaffold129492_cov233	0	10276
EOG091G0I2Z	C0000107775_scaffold107775_cov214	0	10788
EOG091G0RCI	C0000000823_scaffold823_cov99	140973	157425
EOG091G0RCI	C0000002994_scaffold2994_cov63	25237	41677
EOG091G0UKA	C0000004242_scaffold4242_cov257	61752	77904
EOG091G0UKA	C0000048385_scaffold48385_cov269	0	10384
EOG091G0CQ2	C0000008149_scaffold8149_cov213	0	16853
EOG091G0CQ2	C0000019512_scaffold19512_cov280	20681	37391
EOG091G036A	C0000123411_scaffold123411_cov254	0	18002
EOG091G036A	C0000003148_scaffold3148_cov189	0	31499
EOG091G0OFC	C0000010963_scaffold10963_cov214	19013	35225
EOG091G0IMB	C0000010512_scaffold10512_cov176	1050	17259
EOG091G0IMB	C0000008396_scaffold8396_cov185	9203	25376
EOG091G0H6J	C0000032141_scaffold32141_cov211	0	10404
EOG091G0Q02	C0000020243_scaffold20243_cov177	0	11439
EOG091G16EY	C0000127794_scaffold127794_cov233	0	11813
EOG091G0K95	C0000046026_scaffold46026_cov172	0	9882
EOG091G0AOO	C0000134576_scaffold134576_cov218	0	11839
EOG091G036T	C0000036026_scaffold36026_cov229	0	12663
EOG091G0F70	C0000137375_scaffold137375_cov254	0	11631
EOG091G0RT1	C0000011425_scaffold11425_cov165	0	15221
EOG091G0U4B	C0000077276_scaffold77276_cov260	9371	25625
EOG091G0RPE	C0000017116_scaffold17116_cov144	0	9597
EOG091G0O9D	C0000141937_scaffold141937_cov211	0	10926
EOG091G0AKM	C0000007361_scaffold7361_cov149	15661	36923
EOG091G031X	C0000027337_scaffold27337_cov168	0	16872
EOG091G050Q	C0000000936_scaffold936_cov185	0	22074
EOG091G0H07	C0000000016_scaffold16_cov260	32626	48808
EOG091G0H07	C0000071354_scaffold71354_cov198	25	16162
EOG091G062X	C0000008399_scaffold8399_cov202	0	15801
EOG091G0IX8	C0000060846_scaffold60846_cov228	0	8928
EOG091G0IX8	C0000062171_scaffold62171_cov134	0	8936
EOG091G040L	C0000003109_scaffold3109_cov62	22693	39520
EOG091G0JTR	C0000107648_scaffold107648_cov266	62040	78360
EOG091G0JIA	C0000120371_scaffold120371_cov261	0	10153
EOG091G0349	C0000004958_scaffold4958_cov172	0	21360
EOG091G0E3V	C0000000130_scaffold130_cov128	0	12907
EOG091G0E3V	C0000000132_scaffold132_cov152	0	12520
EOG091G03OT	C0000035394_scaffold35394_cov176	0	16004
EOG091G0IZD	C0000010920_scaffold10920_cov267	24002	40277
EOG091G0AVW	C0000005585_scaffold5585_cov244	2192	18389
EOG091G07CE	C0000131013_scaffold131013_cov296	0	11491
EOG091G07CE	C0000000408_scaffold408_cov99	58046	74615
EOG091G07CE	C0000005517_scaffold5517_cov272	30216	46587
EOG091G0QPG	C0000021133_scaffold21133_cov147	0	12802
EOG091G0PHL	C0000111925_scaffold111925_cov268	0	9403
EOG091G0PHL	C0000008432_scaffold8432_cov177	0	11180
EOG091G0XN1	C0000140628_scaffold140628_cov282	0	8307
EOG091G0MBG	C0000024059_scaffold24059_cov217	4547	21365
EOG091G0TZX	C0000111052_scaffold111052_cov240	0	8543
EOG091G0TZX	C0000072377_scaffold72377_cov182	0	8146
EOG091G0TZX	C0000072378_scaffold72378_cov167	0	8146
EOG091G0BWJ	C0000017313_scaffold17313_cov274	740	17210
EOG091G087E	C0000129065_scaffold129065_cov261	0	8765
EOG091G087E	C0000118263_scaffold118263_cov451	0	8525
EOG091G0AVP	C0000133921_scaffold133921_cov268	0	10335
EOG091G0H3D	C0000133318_scaffold133318_cov247	0	8810
EOG091G0H3D	C0000016645_scaffold16645_cov154	0	9232
EOG091G0H3D	C0000027282_scaffold27282_cov153	0	9225
EOG091G05K7	C0000030448_scaffold30448_cov187	2749	19054
EOG091G0H64	C0000007319_scaffold7319_cov271	60956	78640
EOG091G0ULR	C0000001166_scaffold1166_cov312	5756	21974
EOG091G0ULR	C0000022500_scaffold22500_cov266	29709	45876
EOG091G07Z5	C0000043649_scaffold43649_cov180	0	11491
EOG091G0FTU	C0000000823_scaffold823_cov99	302856	319479
EOG091G0QGZ	C0000011736_scaffold11736_cov55	5380	21751
EOG091G0QGZ	C0000107665_scaffold107665_cov217	5805	24264
EOG091G0X1V	C0000115735_scaffold115735_cov261	0	15651
EOG091G0QJA	C0000034918_scaffold34918_cov186	1416	18163
EOG091G081C	C0000118486_scaffold118486_cov275	581	18252
EOG091G0R04	C0000135548_scaffold135548_cov275	0	11513
EOG091G0R04	C0000010602_scaffold10602_cov214	0	8144
EOG091G0R04	C0000010603_scaffold10603_cov204	0	8144
EOG091G0A0M	C0000108185_scaffold108185_cov201	0	10705
EOG091G0K9M	C0000135702_scaffold135702_cov240	0	9664
EOG091G0703	C0000118080_scaffold118080_cov218	0	10324
EOG091G0WLL	C0000120535_scaffold120535_cov247	0	11911
EOG091G0627	C0000092442_scaffold92442_cov242	0	10020
EOG091G0MLD	C0000022275_scaffold22275_cov150	12557	28757
EOG091G0MLD	C0000010253_scaffold10253_cov196	0	13376
EOG091G0MDT	C0000002801_scaffold2801_cov206	14841	33601
EOG091G0MDT	C0000132595_scaffold132595_cov218	0	8475
EOG091G0BHV	C0000036036_scaffold36036_cov227	5714	21890
EOG091G0BHV	C0000006299_scaffold6299_cov253	0	13909
EOG091G05N4	C0000010293_scaffold10293_cov133	0	19255
EOG091G09RJ	C0000139746_scaffold139746_cov296	0	8433
EOG091G0GZ4	C0000135948_scaffold135948_cov261	0	8195
EOG091G00UD	C0000038105_scaffold38105_cov226	0	12357
EOG091G06M8	C0000129224_scaffold129224_cov247	0	13766
EOG091G0MJA	C0000140787_scaffold140787_cov247	0	10950
EOG091G0MJA	C0000117700_scaffold117700_cov275	0	9408
EOG091G06J6	C0000091755_scaffold91755_cov265	0	16069
EOG091G07PV	C0000001771_scaffold1771_cov99	90096	106650
EOG091G07PV	C0000081322_scaffold81322_cov162	0	15475
EOG091G07PV	C0000081321_scaffold81321_cov148	0	15746
EOG091G05CI	C0000128421_scaffold128421_cov226	0	11493
EOG091G05CI	C0000050982_scaffold50982_cov169	0	10988
EOG091G05CI	C0000102934_scaffold102934_cov169	0	8482
EOG091G09IW	C0000001404_scaffold1404_cov210	0	9336
EOG091G0SU6	C0000112794_scaffold112794_cov268	0	9365
EOG091G0J61	C0000008775_scaffold8775_cov289	37481	53612
EOG091G0DXV	C0000030580_scaffold30580_cov261	15936	39721
EOG091G0OHF	C0000040753_scaffold40753_cov186	0	19441
EOG091G0OHF	C0000057878_scaffold57878_cov158	0	17567
EOG091G088L	C0000052427_scaffold52427_cov265	1788	29187
EOG091G088L	C0000046163_scaffold46163_cov275	0	17386
EOG091G0SAU	C0000133116_scaffold133116_cov275	0	9851
EOG091G0AZ7	C0000067187_scaffold67187_cov260	24524	41204
EOG091G04FV	C0000007021_scaffold7021_cov214	13421	32517
EOG091G0TQF	C0000047950_scaffold47950_cov190	0	9769
EOG091G0LCT	C0000028165_scaffold28165_cov270	73049	89858
EOG091G04IK	C0000004268_scaffold4268_cov212	0	11945
EOG091G011X	C0000111282_scaffold111282_cov247	0	9291
EOG091G0W26	C0000071598_scaffold71598_cov275	0	16634
EOG091G05EU	C0000130254_scaffold130254_cov359	0	8419
EOG091G05EU	C0000005120_scaffold5120_cov196	0	15916
