EOG091G0N0U	C0000117484_scaffold117484_cov176	0	8320
EOG091G0N0U	C0000065137_scaffold65137_cov211	4723	20890
EOG091G0AO6	C0000001771_scaffold1771_cov99	172513	189340
EOG091G0AO6	C0000104060_scaffold104060_cov63	0	9093
EOG091G05RA	C0000057006_scaffold57006_cov237	0	10228
EOG091G05IH	C0000004693_scaffold4693_cov178	0	14270
EOG091G03RW	C0000021899_scaffold21899_cov162	9284	42045
EOG091G0DXP	C0000126185_scaffold126185_cov204	0	8279
EOG091G0DXP	C0000004436_scaffold4436_cov174	0	11578
EOG091G0DXP	C0000121234_scaffold121234_cov240	0	8147
EOG091G0M0T	C0000109442_scaffold109442_cov247	0	14268
EOG091G0NRN	C0000112440_scaffold112440_cov254	0	11134
EOG091G0NRN	C0000108099_scaffold108099_cov195	0	10327
EOG091G0QS6	C0000011414_scaffold11414_cov252	0	10107
EOG091G00GQ	C0000008960_scaffold8960_cov294	42648	87605
EOG091G0CR4	C0000038206_scaffold38206_cov106	0	9671
EOG091G0CR4	C0000015866_scaffold15866_cov107	0	8411
EOG091G0CR4	C0000022014_scaffold22014_cov145	0	12946
EOG091G020E	C0000016126_scaffold16126_cov173	149	20608
EOG091G0AE2	C0000046180_scaffold46180_cov138	0	14130
EOG091G0SRZ	C0000021963_scaffold21963_cov266	27375	43638
EOG091G0D26	C0000055493_scaffold55493_cov149	0	8495
EOG091G0D26	C0000072635_scaffold72635_cov110	0	10123
EOG091G0D26	C0000029628_scaffold29628_cov268	82422	98568
EOG091G0EUU	C0000013020_scaffold13020_cov254	16752	33684
EOG091G01Z2	C0000034278_scaffold34278_cov289	0	22382
EOG091G0H8F	C0000022606_scaffold22606_cov187	0	16913
EOG091G053A	C0000004833_scaffold4833_cov62	10752	27810
EOG091G0LIN	C0000039901_scaffold39901_cov282	49312	66367
EOG091G0Z7J	C0000039894_scaffold39894_cov272	5133	21249
EOG091G0QBN	C0000112426_scaffold112426_cov218	0	9166
EOG091G0U3W	C0000021692_scaffold21692_cov268	0	15103
EOG091G0FPV	C0000005642_scaffold5642_cov100	13638	30738
EOG091G0QZ2	C0000132169_scaffold132169_cov296	0	16376
EOG091G0FXV	C0000064178_scaffold64178_cov281	0	21493
EOG091G0BAG	C0000070242_scaffold70242_cov143	2006	20195
EOG091G07OD	C0000005287_scaffold5287_cov201	0	17269
EOG091G0VSZ	C0000011592_scaffold11592_cov240	67566	83841
EOG091G0VSZ	C0000000823_scaffold823_cov99	553904	570173
EOG091G07VQ	C0000001267_scaffold1267_cov215	0	13428
EOG091G01WY	C0000042970_scaffold42970_cov158	2847	35080
EOG091G0C2Z	C0000010600_scaffold10600_cov63	93	16815
EOG091G0C2Z	C0000001889_scaffold1889_cov151	0	10304
EOG091G03QC	C0000002979_scaffold2979_cov102	38192	55814
EOG091G03QC	C0000025251_scaffold25251_cov55	0	12964
EOG091G0AGM	C0000005727_scaffold5727_cov274	60836	79431
EOG091G09J7	C0000001379_scaffold1379_cov100	130026	146688
EOG091G09T6	C0000005262_scaffold5262_cov288	49194	67424
EOG091G0IGG	C0000025761_scaffold25761_cov57	0	8779
EOG091G0JHQ	C0000016729_scaffold16729_cov267	3737	20303
EOG091G03JF	C0000012324_scaffold12324_cov282	7472	35580
EOG091G0LT0	C0000126966_scaffold126966_cov233	0	11722
EOG091G04MA	C0000108229_scaffold108229_cov192	0	11580
EOG091G04MA	C0000005560_scaffold5560_cov169	202	20759
EOG091G0IMD	C0000000835_scaffold835_cov98	41283	57882
EOG091G13NA	C0000011717_scaffold11717_cov212	0	12034
EOG091G0N2F	C0000004661_scaffold4661_cov266	69263	86330
EOG091G06HP	C0000108388_scaffold108388_cov243	0	9915
EOG091G09O7	C0000001122_scaffold1122_cov187	0	9458
EOG091G0NVA	C0000041715_scaffold41715_cov212	0	21456
EOG091G0YP6	C0000034266_scaffold34266_cov259	0	13790
EOG091G017T	C0000041819_scaffold41819_cov289	0	20702
EOG091G0CSZ	C0000023965_scaffold23965_cov282	14618	31103
EOG091G0CSZ	C0000025120_scaffold25120_cov224	0	11936
EOG091G0P5H	C0000023019_scaffold23019_cov204	0	12772
EOG091G0Q27	C0000133576_scaffold133576_cov275	0	9819
EOG091G0PNO	C0000131849_scaffold131849_cov254	0	8811
EOG091G0K0D	C0000001397_scaffold1397_cov181	7652	24038
EOG091G0EZ8	C0000133856_scaffold133856_cov233	0	10619
EOG091G05OW	C0000010575_scaffold10575_cov58	7887	25005
EOG091G05OW	C0000000823_scaffold823_cov99	112946	129914
EOG091G05OW	C0000000408_scaffold408_cov99	473151	490002
EOG091G11PB	C0000130640_scaffold130640_cov268	0	9676
EOG091G0MVL	C0000009414_scaffold9414_cov60	2124	18741
EOG091G0MVL	C0000009089_scaffold9089_cov61	13622	30221
EOG091G0MVL	C0000000823_scaffold823_cov99	596415	613026
EOG091G17I3	C0000027052_scaffold27052_cov62	3045	19236
EOG091G17I3	C0000000408_scaffold408_cov99	897393	913590
EOG091G0P4K	C0000039941_scaffold39941_cov201	0	9204
EOG091G05X1	C0000122379_scaffold122379_cov303	0	8678
EOG091G0CW2	C0000124275_scaffold124275_cov282	0	9379
EOG091G0CW2	C0000129589_scaffold129589_cov261	0	8333
EOG091G0HOK	C0000050409_scaffold50409_cov130	0	9120
EOG091G0HOK	C0000133117_scaffold133117_cov240	0	8528
EOG091G0AE9	C0000018321_scaffold18321_cov254	0	14658
EOG091G01IW	C0000002578_scaffold2578_cov201	0	26033
EOG091G02IP	C0000003651_scaffold3651_cov264	24207	42084
EOG091G03H4	C0000000175_scaffold175_cov99	44880	62469
EOG091G03H4	C0000002054_scaffold2054_cov62	20775	38358
EOG091G0GUK	C0000031809_scaffold31809_cov219	7491	23880
EOG091G0GUK	C0000003544_scaffold3544_cov261	40537	56896
EOG091G0GUK	C0000079226_scaffold79226_cov266	13202	29759
EOG091G026F	C0000005947_scaffold5947_cov55	0	13565
EOG091G0ZRG	C0000108051_scaffold108051_cov192	0	15501
EOG091G0RRE	C0000082801_scaffold82801_cov275	25508	41798
EOG091G0OY0	C0000017584_scaffold17584_cov272	0	9899
EOG091G09YB	C0000108275_scaffold108275_cov225	0	15661
EOG091G0GVZ	C0000009458_scaffold9458_cov245	0	12679
EOG091G0EVK	C0000108414_scaffold108414_cov295	67844	84692
EOG091G0628	C0000004737_scaffold4737_cov266	26967	48713
EOG091G03XS	C0000028398_scaffold28398_cov277	0	12619
EOG091G10FG	C0000035674_scaffold35674_cov260	25823	43377
EOG091G03C7	C0000001771_scaffold1771_cov99	176009	193664
EOG091G03C7	C0000028736_scaffold28736_cov60	7799	25445
EOG091G03C7	C0000023314_scaffold23314_cov294	44981	81969
EOG091G18BK	C0000031719_scaffold31719_cov267	40775	56984
EOG091G0BTX	C0000134613_scaffold134613_cov183	0	12511
EOG091G0W0U	C0000029086_scaffold29086_cov198	0	12073
EOG091G0F93	C0000013495_scaffold13495_cov207	0	37736
EOG091G0F93	C0000064165_scaffold64165_cov171	0	10379
EOG091G03B9	C0000002041_scaffold2041_cov264	7840	52574
EOG091G08SM	C0000016970_scaffold16970_cov174	0	13643
EOG091G0CEG	C0000007837_scaffold7837_cov283	101577	118440
EOG091G03G3	C0000018919_scaffold18919_cov208	0	16215
EOG091G0554	C0000077099_scaffold77099_cov290	2506	22148
EOG091G0ZLI	C0000031562_scaffold31562_cov276	13608	29754
EOG091G02HY	C0000025476_scaffold25476_cov261	22507	40561
EOG091G0TKH	C0000007843_scaffold7843_cov276	38727	55131
EOG091G0Q1X	C0000008095_scaffold8095_cov279	0	14342
EOG091G0F0I	C0000111966_scaffold111966_cov303	0	8270
EOG091G0F0I	C0000118646_scaffold118646_cov254	0	10363
EOG091G0UUT	C0000067187_scaffold67187_cov260	26021	42644
EOG091G0Y35	C0000023523_scaffold23523_cov253	0	12952
EOG091G132G	C0000013185_scaffold13185_cov261	0	14349
EOG091G132G	C0000060430_scaffold60430_cov140	0	13265
EOG091G060D	C0000117567_scaffold117567_cov226	0	9646
EOG091G060D	C0000000240_scaffold240_cov59	0	8945
EOG091G060D	C0000028857_scaffold28857_cov58	67	17011
EOG091G0E2R	C0000006804_scaffold6804_cov250	83236	100138
EOG091G0BBO	C0000044451_scaffold44451_cov194	0	15302
EOG091G1144	C0000003544_scaffold3544_cov261	47397	63657
EOG091G0SV1	C0000005097_scaffold5097_cov199	0	15171
EOG091G0JTG	C0000031670_scaffold31670_cov247	6701	24724
EOG091G0DPL	C0000001819_scaffold1819_cov265	37530	53673
EOG091G0NQW	C0000107661_scaffold107661_cov243	11488	28426
EOG091G0NQW	C0000035378_scaffold35378_cov160	0	11336
EOG091G0R21	C0000138321_scaffold138321_cov254	0	9709
EOG091G0R21	C0000142129_scaffold142129_cov226	0	8456
EOG091G0RWW	C0000108101_scaffold108101_cov204	1532	17642
EOG091G0NP7	C0000124042_scaffold124042_cov226	0	8682
EOG091G0Y09	C0000011158_scaffold11158_cov212	0	13913
EOG091G03P0	C0000005189_scaffold5189_cov253	60037	90798
EOG091G0ARE	C0000002147_scaffold2147_cov253	36498	62210
EOG091G06S3	C0000002220_scaffold2220_cov59	0	14327
EOG091G06S3	C0000000823_scaffold823_cov99	630861	647841
EOG091G06S3	C0000010078_scaffold10078_cov273	61965	93211
EOG091G03Z1	C0000015730_scaffold15730_cov174	1471	17620
EOG091G04WH	C0000041062_scaffold41062_cov184	785	19663
EOG091G06P4	C0000038167_scaffold38167_cov148	0	19391
EOG091G06P4	C0000029206_scaffold29206_cov187	4239	26976
EOG091G0NH9	C0000007837_scaffold7837_cov283	45694	62246
EOG091G099D	C0000000408_scaffold408_cov99	756543	773199
EOG091G02FR	C0000021733_scaffold21733_cov184	24504	42354
EOG091G02VO	C0000011222_scaffold11222_cov257	0	16945
EOG091G02VO	C0000022943_scaffold22943_cov64	0	13611
EOG091G0BKR	C0000013656_scaffold13656_cov201	0	14954
EOG091G0TWR	C0000139354_scaffold139354_cov296	0	11893
EOG091G0TWR	C0000111727_scaffold111727_cov254	0	9535
EOG091G0TWR	C0000021963_scaffold21963_cov266	0	14801
EOG091G0NIY	C0000001778_scaffold1778_cov238	6234	22758
EOG091G0NIY	C0000008535_scaffold8535_cov218	6470	26189
EOG091G0JWK	C0000011593_scaffold11593_cov270	27876	44346
EOG091G0EHF	C0000035646_scaffold35646_cov272	12399	39546
EOG091G0JI0	C0000000545_scaffold545_cov267	0	16636
EOG091G0DQT	C0000007555_scaffold7555_cov219	0	10793
EOG091G0MUD	C0000001419_scaffold1419_cov56	1538	18131
EOG091G0MUD	C0000110384_scaffold110384_cov107	53678	70268
EOG091G0W8V	C0000108910_scaffold108910_cov268	0	11973
EOG091G0XQ3	C0000027519_scaffold27519_cov172	0	8771
EOG091G0QIP	C0000054899_scaffold54899_cov258	1800	18300
EOG091G0YVI	C0000003151_scaffold3151_cov223	0	11356
EOG091G09KK	C0000006075_scaffold6075_cov157	12957	29424
EOG091G09KK	C0000004959_scaffold4959_cov195	3791	20231
EOG091G06XK	C0000080319_scaffold80319_cov170	0	9239
EOG091G06XK	C0000015496_scaffold15496_cov156	0	9274
EOG091G1CLN	C0000133510_scaffold133510_cov289	0	10987
EOG091G167Y	C0000005413_scaffold5413_cov279	7436	23675
EOG091G167Y	C0000137301_scaffold137301_cov261	0	10903
EOG091G167Y	C0000030444_scaffold30444_cov269	134970	151143
EOG091G0H6A	C0000129914_scaffold129914_cov226	0	11185
EOG091G03C0	C0000087269_scaffold87269_cov177	0	9797
EOG091G0FIJ	C0000029298_scaffold29298_cov276	382	21613
EOG091G0IQ7	C0000010506_scaffold10506_cov212	8995	25126
EOG091G0IQ7	C0000003818_scaffold3818_cov207	9741	25881
EOG091G0L66	C0000108075_scaffold108075_cov218	2065	18406
EOG091G0L66	C0000009468_scaffold9468_cov222	920	17877
EOG091G0CLR	C0000008855_scaffold8855_cov287	57598	74983
EOG091G09U9	C0000004924_scaffold4924_cov169	0	23101
EOG091G09U9	C0000001033_scaffold1033_cov98	79541	96419
EOG091G0HZK	C0000002099_scaffold2099_cov165	0	16080
EOG091G01S9	C0000124615_scaffold124615_cov268	0	14051
EOG091G0L5D	C0000034919_scaffold34919_cov315	90464	107012
EOG091G0MLX	C0000029204_scaffold29204_cov253	0	23203
EOG091G15N9	C0000000823_scaffold823_cov99	111308	127592
EOG091G15N9	C0000010575_scaffold10575_cov58	7248	23523
EOG091G15N9	C0000136299_scaffold136299_cov190	0	8417
EOG091G0HJH	C0000029893_scaffold29893_cov169	0	9344
EOG091G0HJH	C0000048877_scaffold48877_cov167	0	9343
EOG091G0UYL	C0000008515_scaffold8515_cov216	7211	24720
EOG091G0FH3	C0000011736_scaffold11736_cov55	3321	19656
EOG091G0BKZ	C0000011736_scaffold11736_cov55	556	17200
EOG091G0Q02	C0000020243_scaffold20243_cov177	0	11259
EOG091G0Q02	C0000021322_scaffold21322_cov225	0	8755
EOG091G0PAG	C0000108790_scaffold108790_cov268	0	9743
EOG091G07NJ	C0000034919_scaffold34919_cov315	55940	72338
EOG091G0Q58	C0000014569_scaffold14569_cov195	0	11728
EOG091G0GDF	C0000011814_scaffold11814_cov235	0	12793
EOG091G095O	C0000005345_scaffold5345_cov115	3868	20851
EOG091G0L5I	C0000001420_scaffold1420_cov182	0	17755
EOG091G00MI	C0000003292_scaffold3292_cov64	1469	17999
EOG091G00MI	C0000107918_scaffold107918_cov258	0	16502
EOG091G0DQ3	C0000051049_scaffold51049_cov257	0	16356
EOG091G09HG	C0000009041_scaffold9041_cov287	34430	51197
EOG091G09HG	C0000107946_scaffold107946_cov172	5397	22164
EOG091G09HG	C0000135709_scaffold135709_cov254	0	8658
EOG091G0OTI	C0000037621_scaffold37621_cov272	29487	45600
EOG091G0HQ3	C0000115083_scaffold115083_cov317	0	8557
EOG091G0MB2	C0000031562_scaffold31562_cov276	15297	32392
EOG091G0G3M	C0000027556_scaffold27556_cov156	0	11378
EOG091G0G3M	C0000022104_scaffold22104_cov154	0	11605
EOG091G05ZE	C0000141182_scaffold141182_cov275	0	9071
EOG091G0FPM	C0000002457_scaffold2457_cov59	15583	32236
EOG091G0AEL	C0000124490_scaffold124490_cov310	0	13759
EOG091G0C2M	C0000023285_scaffold23285_cov283	0	11538
EOG091G0G58	C0000009203_scaffold9203_cov214	2535	19137
EOG091G06MR	C0000022311_scaffold22311_cov144	0	15176
EOG091G06MR	C0000067925_scaffold67925_cov179	0	13046
EOG091G0U2U	C0000119128_scaffold119128_cov240	0	8297
EOG091G0L4M	C0000121898_scaffold121898_cov275	0	12848
EOG091G0L4M	C0000003406_scaffold3406_cov217	0	11577
EOG091G0QEQ	C0000022374_scaffold22374_cov273	0	12942
EOG091G05ZJ	C0000003632_scaffold3632_cov246	9000	25128
EOG091G08VB	C0000017874_scaffold17874_cov225	1684	25861
EOG091G01XQ	C0000121213_scaffold121213_cov247	0	11337
EOG091G0ARL	C0000017910_scaffold17910_cov140	0	9878
EOG091G0UTL	C0000046399_scaffold46399_cov177	0	11974
EOG091G0UTL	C0000010787_scaffold10787_cov167	0	13678
EOG091G0UTL	C0000026667_scaffold26667_cov263	0	8559
EOG091G057L	C0000008656_scaffold8656_cov227	0	17661
EOG091G0495	C0000020785_scaffold20785_cov254	0	17603
EOG091G0W96	C0000051301_scaffold51301_cov239	0	17013
EOG091G0TN4	C0000059326_scaffold59326_cov254	3183	20048
EOG091G09KI	C0000022018_scaffold22018_cov177	3803	19982
EOG091G09KI	C0000031719_scaffold31719_cov267	0	14214
EOG091G08ZR	C0000137500_scaffold137500_cov261	0	12531
EOG091G074J	C0000017914_scaffold17914_cov136	1468	18607
EOG091G074J	C0000013691_scaffold13691_cov146	0	11462
EOG091G0EA2	C0000033574_scaffold33574_cov171	0	13636
EOG091G0MKY	C0000029447_scaffold29447_cov271	14530	32007
EOG091G0MKY	C0000006682_scaffold6682_cov290	24272	40699
EOG091G04LC	C0000125238_scaffold125238_cov352	0	9035
EOG091G04LC	C0000122247_scaffold122247_cov190	0	8712
EOG091G0XXE	C0000108363_scaffold108363_cov241	0	8275
EOG091G0HBC	C0000000408_scaffold408_cov99	833453	849962
EOG091G075F	C0000007889_scaffold7889_cov281	15083	34782
EOG091G00CM	C0000002520_scaffold2520_cov110	40378	57592
EOG091G00CM	C0000005002_scaffold5002_cov58	0	14139
EOG091G00CM	C0000000823_scaffold823_cov99	96619	113830
EOG091G10IX	C0000140856_scaffold140856_cov218	0	8338
EOG091G0L3L	C0000017362_scaffold17362_cov213	0	14833
EOG091G09UA	C0000015300_scaffold15300_cov267	17057	40255
EOG091G0OWI	C0000022500_scaffold22500_cov266	26292	42894
EOG091G0EQR	C0000001515_scaffold1515_cov272	39393	56539
EOG091G0VZF	C0000129570_scaffold129570_cov296	0	8174
EOG091G0GN7	C0000021235_scaffold21235_cov221	0	16272
EOG091G0HS8	C0000034014_scaffold34014_cov157	0	10157
EOG091G0HS8	C0000035598_scaffold35598_cov155	0	10140
EOG091G0HS8	C0000034378_scaffold34378_cov239	7715	23918
EOG091G0P9B	C0000011863_scaffold11863_cov274	37812	53949
EOG091G0JBZ	C0000000175_scaffold175_cov99	6370	22783
EOG091G0GI9	C0000016470_scaffold16470_cov117	0	10682
EOG091G0GI9	C0000016471_scaffold16471_cov120	0	10675
EOG091G0RT1	C0000011425_scaffold11425_cov165	0	15221
EOG091G0M0J	C0000021216_scaffold21216_cov131	0	15393
EOG091G0M0J	C0000007605_scaffold7605_cov142	0	9014
EOG091G079R	C0000113061_scaffold113061_cov211	0	9281
EOG091G0WAL	C0000133455_scaffold133455_cov275	0	11703
EOG091G07S9	C0000000823_scaffold823_cov99	356839	373597
EOG091G0KS8	C0000001246_scaffold1246_cov259	18317	37207
EOG091G01VH	C0000126644_scaffold126644_cov261	0	13649
EOG091G0349	C0000004958_scaffold4958_cov172	0	21321
EOG091G090D	C0000011966_scaffold11966_cov269	136966	154727
EOG091G0COC	C0000021733_scaffold21733_cov184	0	20506
EOG091G00L0	C0000035997_scaffold35997_cov279	0	12986
EOG091G03Y8	C0000031405_scaffold31405_cov152	2785	22129
EOG091G0BHP	C0000018202_scaffold18202_cov60	5867	22598
EOG091G0BHP	C0000115233_scaffold115233_cov233	0	8730
EOG091G0JGU	C0000043229_scaffold43229_cov218	0	15651
EOG091G0JGU	C0000000823_scaffold823_cov99	539865	556452
EOG091G0L84	C0000007910_scaffold7910_cov285	59096	76721
EOG091G00GM	C0000011372_scaffold11372_cov156	0	15245
EOG091G019V	C0000000175_scaffold175_cov99	15318	33945
EOG091G019V	C0000003742_scaffold3742_cov53	0	14307
EOG091G03O0	C0000001786_scaffold1786_cov210	0	21548
EOG091G0VNB	C0000024801_scaffold24801_cov260	34647	50937
EOG091G0LMY	C0000003647_scaffold3647_cov280	792	17331
EOG091G0B27	C0000127714_scaffold127714_cov303	0	11749
EOG091G0IMI	C0000002132_scaffold2132_cov61	7883	24653
EOG091G0OPI	C0000000408_scaffold408_cov99	234449	250922
EOG091G0OPI	C0000011058_scaffold11058_cov59	1787	18236
EOG091G0769	C0000001282_scaffold1282_cov64	0	15255
EOG091G0VTN	C0000136032_scaffold136032_cov240	0	10909
EOG091G0KHF	C0000021154_scaffold21154_cov195	0	10545
EOG091G024J	C0000000392_scaffold392_cov151	0	16467
EOG091G024J	C0000000391_scaffold391_cov142	0	16623
EOG091G0TNU	C0000037846_scaffold37846_cov171	0	14382
EOG091G08PW	C0000042081_scaffold42081_cov231	0	14765
EOG091G0QE1	C0000049861_scaffold49861_cov278	867	17088
EOG091G029K	C0000043299_scaffold43299_cov190	0	8620
EOG091G029K	C0000043298_scaffold43298_cov169	0	8620
EOG091G05KR	C0000000823_scaffold823_cov99	613388	630662
EOG091G05KR	C0000107812_scaffold107812_cov222	25556	49067
EOG091G0DXE	C0000047928_scaffold47928_cov270	3167	21087
EOG091G0HAI	C0000107652_scaffold107652_cov278	59385	78470
EOG091G0HAI	C0000120726_scaffold120726_cov268	0	9817
EOG091G0WT4	C0000013297_scaffold13297_cov191	17019	34155
EOG091G0WT4	C0000033706_scaffold33706_cov239	0	12841
EOG091G0IVB	C0000009848_scaffold9848_cov198	18350	35655
EOG091G0IVB	C0000000175_scaffold175_cov99	71973	88533
EOG091G0FAM	C0000114022_scaffold114022_cov275	0	11342
EOG091G0S8Y	C0000007647_scaffold7647_cov201	12	16116
EOG091G11O6	C0000112091_scaffold112091_cov261	0	12825
EOG091G11O6	C0000108349_scaffold108349_cov163	489	16731
EOG091G0GOU	C0000023285_scaffold23285_cov283	0	17000
EOG091G0IXY	C0000019100_scaffold19100_cov223	0	8206
EOG091G0MVR	C0000007578_scaffold7578_cov234	9708	26658
EOG091G075K	C0000020988_scaffold20988_cov145	0	11454
EOG091G0EBA	C0000127638_scaffold127638_cov289	0	11285
EOG091G066W	C0000008166_scaffold8166_cov58	0	11945
EOG091G08DN	C0000005332_scaffold5332_cov187	0	14344
EOG091G1422	C0000013082_scaffold13082_cov257	52921	69175
EOG091G0E11	C0000000408_scaffold408_cov99	905418	922248
EOG091G0E11	C0000011592_scaffold11592_cov240	68564	86373
EOG091G05SE	C0000138727_scaffold138727_cov254	0	9811
EOG091G05SE	C0000120674_scaffold120674_cov247	0	8943
EOG091G05SE	C0000006520_scaffold6520_cov215	0	13496
EOG091G09L6	C0000105940_scaffold105940_cov190	0	9260
EOG091G09L6	C0000105939_scaffold105939_cov169	0	9271
EOG091G07N8	C0000023366_scaffold23366_cov223	0	13876
EOG091G07N8	C0000107570_scaffold107570_cov204	4736	22646
EOG091G09FV	C0000002457_scaffold2457_cov59	4342	21241
EOG091G02MR	C0000007972_scaffold7972_cov253	0	19986
EOG091G0R0A	C0000023894_scaffold23894_cov240	210	18274
EOG091G0IRO	C0000010255_scaffold10255_cov171	6910	27257
EOG091G0MDD	C0000029447_scaffold29447_cov271	0	9910
EOG091G0EKA	C0000020079_scaffold20079_cov154	0	12994
EOG091G0EKA	C0000099647_scaffold99647_cov148	0	12949
EOG091G0I8J	C0000018801_scaffold18801_cov282	29259	45471
EOG091G0IWR	C0000023546_scaffold23546_cov264	93481	111969
EOG091G0VSN	C0000007239_scaffold7239_cov122	20	16145
EOG091G10O5	C0000107959_scaffold107959_cov200	5714	34423
EOG091G10CG	C0000058202_scaffold58202_cov247	0	9781
EOG091G0SNM	C0000133777_scaffold133777_cov268	0	8412
EOG091G0CAR	C0000118575_scaffold118575_cov254	0	10087
EOG091G0ILS	C0000013643_scaffold13643_cov275	30883	48481
EOG091G0ES6	C0000041068_scaffold41068_cov178	4722	22173
EOG091G0ES6	C0000003399_scaffold3399_cov139	0	11475
EOG091G0Z4E	C0000000408_scaffold408_cov99	50930	67274
EOG091G0Z4E	C0000030614_scaffold30614_cov169	0	14502
EOG091G0GBB	C0000015034_scaffold15034_cov269	33820	50011
EOG091G0HML	C0000015978_scaffold15978_cov264	3696	24494
EOG091G0RM8	C0000027066_scaffold27066_cov157	0	11396
EOG091G0RM8	C0000117841_scaffold117841_cov254	0	11512
EOG091G08JE	C0000009912_scaffold9912_cov152	13436	30344
EOG091G0BED	C0000010920_scaffold10920_cov267	26154	43395
EOG091G0RI9	C0000004297_scaffold4297_cov268	78111	94365
EOG091G0N0A	C0000009225_scaffold9225_cov131	0	11584
EOG091G0A79	C0000134988_scaffold134988_cov204	0	8301
EOG091G0A79	C0000015617_scaffold15617_cov197	0	9417
EOG091G0O97	C0000132585_scaffold132585_cov240	0	10996
EOG091G13XF	C0000119270_scaffold119270_cov268	0	8291
EOG091G0GA7	C0000010630_scaffold10630_cov202	0	15641
EOG091G0N0R	C0000011736_scaffold11736_cov55	1328	17807
EOG091G017G	C0000023017_scaffold23017_cov196	0	12813
EOG091G017G	C0000139666_scaffold139666_cov268	0	16970
EOG091G03JX	C0000107870_scaffold107870_cov235	13994	30656
EOG091G09Q2	C0000107979_scaffold107979_cov227	0	17425
EOG091G107U	C0000002951_scaffold2951_cov255	9230	25421
EOG091G03DT	C0000039199_scaffold39199_cov197	0	15922
EOG091G0CEK	C0000026673_scaffold26673_cov60	0	13923
EOG091G0CEK	C0000002756_scaffold2756_cov58	0	13275
EOG091G0CEK	C0000000541_scaffold541_cov66	2357	18899
EOG091G05IK	C0000032678_scaffold32678_cov156	0	13440
EOG091G05IK	C0000047568_scaffold47568_cov135	0	14206
EOG091G05IK	C0000043599_scaffold43599_cov132	0	11468
EOG091G05AA	C0000001771_scaffold1771_cov99	149508	166887
EOG091G05AA	C0000006310_scaffold6310_cov60	0	10524
EOG091G05AA	C0000003807_scaffold3807_cov55	0	10056
EOG091G184V	C0000020653_scaffold20653_cov291	8156	24575
EOG091G06OP	C0000012322_scaffold12322_cov193	3658	22597
EOG091G0FJB	C0000006957_scaffold6957_cov191	0	20123
EOG091G0K2R	C0000006174_scaffold6174_cov220	1361	19294
EOG091G0X3B	C0000006917_scaffold6917_cov287	80519	97054
EOG091G02O6	C0000018693_scaffold18693_cov115	0	20132
EOG091G0GQO	C0000055044_scaffold55044_cov203	0	11358
EOG091G0GQO	C0000059504_scaffold59504_cov227	0	8683
EOG091G0YYA	C0000015967_scaffold15967_cov267	6055	22219
EOG091G0SB2	C0000048562_scaffold48562_cov229	0	15567
EOG091G0SB2	C0000002979_scaffold2979_cov102	123530	139934
EOG091G08R8	C0000110378_scaffold110378_cov253	1843	24803
EOG091G08L8	C0000129622_scaffold129622_cov289	0	8176
EOG091G0C6I	C0000108395_scaffold108395_cov188	0	14209
EOG091G0UB5	C0000042924_scaffold42924_cov132	15210	35052
EOG091G06I3	C0000096762_scaffold96762_cov205	0	8883
EOG091G0990	C0000013637_scaffold13637_cov273	8552	28816
EOG091G02WU	C0000128958_scaffold128958_cov218	0	11255
EOG091G02WU	C0000022327_scaffold22327_cov224	2286	19293
EOG091G02WU	C0000003979_scaffold3979_cov228	186	17640
EOG091G0G71	C0000004667_scaffold4667_cov129	0	17773
EOG091G07KL	C0000059137_scaffold59137_cov241	0	15640
EOG091G0D4N	C0000004231_scaffold4231_cov277	5909	22112
EOG091G0SBR	C0000000175_scaffold175_cov99	136295	152627
EOG091G0SBR	C0000042151_scaffold42151_cov62	0	13724
EOG091G0GIC	C0000066958_scaffold66958_cov227	0	10987
EOG091G05NZ	C0000016177_scaffold16177_cov157	3057	20475
EOG091G05NZ	C0000007275_scaffold7275_cov179	903	17862
EOG091G05NZ	C0000024621_scaffold24621_cov256	0	12743
EOG091G09SS	C0000034187_scaffold34187_cov260	1238	18032
EOG091G050A	C0000013249_scaffold13249_cov170	0	10160
EOG091G050A	C0000013250_scaffold13250_cov165	0	10006
EOG091G07KC	C0000107808_scaffold107808_cov244	0	25111
EOG091G0CID	C0000042408_scaffold42408_cov273	102	16908
EOG091G0CFP	C0000004676_scaffold4676_cov188	0	30933
EOG091G0CFP	C0000115349_scaffold115349_cov247	0	11886
EOG091G0MMY	C0000001644_scaffold1644_cov223	5570	22109
EOG091G05UF	C0000020301_scaffold20301_cov246	0	9292
EOG091G05UF	C0000018425_scaffold18425_cov148	0	11592
EOG091G05UF	C0000018427_scaffold18427_cov153	0	12006
EOG091G0781	C0000005369_scaffold5369_cov183	0	14135
EOG091G053D	C0000114366_scaffold114366_cov254	0	9415
EOG091G053D	C0000110384_scaffold110384_cov107	42446	58988
EOG091G0G8R	C0000000408_scaffold408_cov99	521200	537736
EOG091G0G8R	C0000012811_scaffold12811_cov64	0	13025
EOG091G0G8R	C0000031565_scaffold31565_cov267	0	9522
EOG091G0RRN	C0000044620_scaffold44620_cov225	0	11459
EOG091G0CNT	C0000111956_scaffold111956_cov268	0	12894
EOG091G0CNT	C0000117057_scaffold117057_cov268	0	9182
EOG091G0SCV	C0000008431_scaffold8431_cov279	17455	33790
EOG091G0G6Z	C0000000598_scaffold598_cov275	29106	45222
EOG091G02O5	C0000108643_scaffold108643_cov183	0	14969
EOG091G05YC	C0000041858_scaffold41858_cov284	0	12753
EOG091G0M22	C0000119467_scaffold119467_cov240	0	8309
EOG091G0M22	C0000030434_scaffold30434_cov203	0	15888
EOG091G0M22	C0000013498_scaffold13498_cov157	0	10161
EOG091G06Y3	C0000009234_scaffold9234_cov138	1639	18967
EOG091G0D0W	C0000003688_scaffold3688_cov174	0	16609
EOG091G146E	C0000000726_scaffold726_cov265	2880	19119
EOG091G00Z3	C0000017459_scaffold17459_cov208	9112	33758
EOG091G0CTU	C0000054002_scaffold54002_cov166	0	11486
EOG091G07IK	C0000018650_scaffold18650_cov157	0	14438
EOG091G07IK	C0000118541_scaffold118541_cov310	0	8198
EOG091G046H	C0000107739_scaffold107739_cov197	597	18734
EOG091G046H	C0000138940_scaffold138940_cov296	0	12964
EOG091G0HC5	C0000009570_scaffold9570_cov206	2103	18219
EOG091G0A98	C0000000408_scaffold408_cov99	76247	93278
EOG091G027G	C0000049168_scaffold49168_cov252	0	24489
EOG091G0HXI	C0000016288_scaffold16288_cov266	0	17429
EOG091G03SE	C0000032249_scaffold32249_cov229	0	11905
EOG091G0ELS	C0000014004_scaffold14004_cov129	10532	26699
EOG091G0M3C	C0000000408_scaffold408_cov99	1091210	1107944
EOG091G0IX8	C0000062171_scaffold62171_cov134	0	8936
EOG091G0IX8	C0000060846_scaffold60846_cov228	0	8928
EOG091G08UU	C0000011265_scaffold11265_cov262	0	14444
EOG091G0S0I	C0000137373_scaffold137373_cov282	3822	19986
EOG091G0ER1	C0000025946_scaffold25946_cov276	0	15567
EOG091G0BN4	C0000108060_scaffold108060_cov211	10272	26487
EOG091G0BN4	C0000129492_scaffold129492_cov233	0	10264
EOG091G0I2Z	C0000107775_scaffold107775_cov214	0	10767
EOG091G0KRZ	C0000107774_scaffold107774_cov202	13029	31456
EOG091G0KRZ	C0000002168_scaffold2168_cov280	14572	30988
EOG091G0BL9	C0000029286_scaffold29286_cov183	0	15985
EOG091G0OFC	C0000010963_scaffold10963_cov214	19049	35225
EOG091G0LS0	C0000007180_scaffold7180_cov221	28934	45056
EOG091G0AFP	C0000000408_scaffold408_cov99	340550	357053
EOG091G0RA2	C0000008580_scaffold8580_cov62	6674	23102
EOG091G0RA2	C0000041858_scaffold41858_cov284	22330	39380
EOG091G0GWF	C0000110384_scaffold110384_cov107	92717	109793
EOG091G0GWF	C0000026667_scaffold26667_cov263	0	9354
EOG091G0GWF	C0000006667_scaffold6667_cov200	4786	25935
EOG091G0K95	C0000046026_scaffold46026_cov172	0	9882
EOG091G1AP6	C0000000408_scaffold408_cov99	44443	60736
EOG091G1AP6	C0000000731_scaffold731_cov278	98775	115044
EOG091G0L5X	C0000027278_scaffold27278_cov55	0	14123
EOG091G0O9D	C0000141937_scaffold141937_cov211	0	10926
EOG091G06DH	C0000001527_scaffold1527_cov254	32567	63159
EOG091G0AKM	C0000007361_scaffold7361_cov149	15661	36923
EOG091G031X	C0000027337_scaffold27337_cov168	0	16872
EOG091G031X	C0000027336_scaffold27336_cov145	0	15069
EOG091G050Q	C0000000936_scaffold936_cov185	0	22074
EOG091G0H07	C0000071354_scaffold71354_cov198	25	16162
EOG091G0H07	C0000069839_scaffold69839_cov122	0	9067
EOG091G0H07	C0000000016_scaffold16_cov260	32674	48808
EOG091G0IDG	C0000012080_scaffold12080_cov213	13284	32038
EOG091G06EF	C0000120174_scaffold120174_cov240	0	9823
EOG091G06EF	C0000000697_scaffold697_cov274	357133	391239
EOG091G06EF	C0000002979_scaffold2979_cov102	13508	30365
EOG091G0RTZ	C0000038788_scaffold38788_cov156	0	13979
EOG091G0RTZ	C0000006002_scaffold6002_cov270	0	11238
EOG091G0RTZ	C0000111727_scaffold111727_cov254	0	9568
EOG091G126L	C0000089628_scaffold89628_cov257	81919	101113
EOG091G0E3V	C0000000130_scaffold130_cov128	0	12907
EOG091G0E3V	C0000000132_scaffold132_cov152	0	12520
EOG091G0H0S	C0000000408_scaffold408_cov99	1048730	1065251
EOG091G0D8I	C0000006037_scaffold6037_cov249	6054	22854
EOG091G0D8I	C0000000408_scaffold408_cov99	1014573	1031187
EOG091G0S5L	C0000013637_scaffold13637_cov273	39216	61682
EOG091G0MF6	C0000003581_scaffold3581_cov214	4244	21809
EOG091G0BPX	C0000003742_scaffold3742_cov53	0	10028
EOG091G026I	C0000038082_scaffold38082_cov180	0	15999
EOG091G0PHL	C0000008432_scaffold8432_cov177	0	11180
EOG091G0MDG	C0000124243_scaffold124243_cov254	0	8272
EOG091G0PEI	C0000004859_scaffold4859_cov262	0	11159
EOG091G0XN1	C0000140628_scaffold140628_cov282	0	8265
EOG091G0LKE	C0000087214_scaffold87214_cov275	31271	47963
EOG091G0LKE	C0000029461_scaffold29461_cov223	0	9351
EOG091G087E	C0000129065_scaffold129065_cov261	0	8765
EOG091G00MA	C0000052876_scaffold52876_cov269	88822	107932
EOG091G0CTG	C0000000175_scaffold175_cov99	37058	53876
EOG091G0CTG	C0000009089_scaffold9089_cov61	9869	26609
EOG091G0CTG	C0000007199_scaffold7199_cov130	6759	27262
EOG091G0KM6	C0000005044_scaffold5044_cov230	0	16967
EOG091G0KM6	C0000083408_scaffold83408_cov220	0	14689
EOG091G028G	C0000020576_scaffold20576_cov187	0	17314
EOG091G0ULR	C0000001166_scaffold1166_cov312	5840	21974
EOG091G0ULR	C0000022500_scaffold22500_cov266	29715	45828
EOG091G08LT	C0000003355_scaffold3355_cov269	53194	69724
EOG091G0X1V	C0000115735_scaffold115735_cov261	0	15651
EOG091G03PD	C0000008431_scaffold8431_cov279	2540	31735
EOG091G03PD	C0000059137_scaffold59137_cov241	0	15490
EOG091G0R04	C0000135548_scaffold135548_cov275	0	11513
EOG091G0R04	C0000010602_scaffold10602_cov214	0	8144
EOG091G0R04	C0000010603_scaffold10603_cov204	0	8144
EOG091G0A0M	C0000108185_scaffold108185_cov201	0	10705
EOG091G0IUT	C0000041243_scaffold41243_cov258	58938	77839
EOG091G0IUT	C0000135311_scaffold135311_cov233	0	8615
EOG091G0WCB	C0000011871_scaffold11871_cov275	0	11511
EOG091G0WLL	C0000120535_scaffold120535_cov247	0	11911
EOG091G0MDT	C0000132595_scaffold132595_cov218	0	8475
EOG091G05N4	C0000010293_scaffold10293_cov133	0	19255
EOG091G05N4	C0000009360_scaffold9360_cov138	0	15444
EOG091G11OU	C0000012167_scaffold12167_cov216	0	10098
EOG091G0AYM	C0000021551_scaffold21551_cov141	0	9589
EOG091G0HYF	C0000004729_scaffold4729_cov261	16748	40412
EOG091G0IQD	C0000045893_scaffold45893_cov228	0	21482
EOG091G0M0S	C0000030444_scaffold30444_cov269	300977	317297
EOG091G0CZX	C0000127740_scaffold127740_cov275	0	8354
EOG091G0CZX	C0000038261_scaffold38261_cov163	2302	18436
EOG091G0NK3	C0000033137_scaffold33137_cov128	0	17351
EOG091G0G8S	C0000120978_scaffold120978_cov240	0	16134
EOG091G09UB	C0000115590_scaffold115590_cov247	0	9013
EOG091G036A	C0000123411_scaffold123411_cov254	407	18002
EOG091G0KSQ	C0000003651_scaffold3651_cov264	28008	45351
EOG091G11QL	C0000009590_scaffold9590_cov171	0	13881
EOG091G0NOA	C0000110378_scaffold110378_cov253	18936	35187
EOG091G0SGH	C0000022151_scaffold22151_cov195	0	14214
EOG091G0Z6Z	C0000140481_scaffold140481_cov317	0	9461
EOG091G0HT4	C0000049091_scaffold49091_cov251	13251	30429
EOG091G0HT4	C0000000408_scaffold408_cov99	156190	173089
EOG091G0SAU	C0000133116_scaffold133116_cov275	0	9851
EOG091G0CGO	C0000108689_scaffold108689_cov245	9154	28849
EOG091G0ZEJ	C0000016596_scaffold16596_cov178	25337	41621
EOG091G0XZC	C0000000823_scaffold823_cov99	361755	378252
EOG091G0XZC	C0000009406_scaffold9406_cov59	37758	54252
EOG091G0XZC	C0000006775_scaffold6775_cov268	16618	36274
EOG091G074G	C0000016773_scaffold16773_cov275	0	18058
EOG091G0307	C0000012029_scaffold12029_cov54	1065	18393
EOG091G0307	C0000005807_scaffold5807_cov60	0	13153
EOG091G0307	C0000017688_scaffold17688_cov199	0	22828
EOG091G02V5	C0000003700_scaffold3700_cov172	0	14423
EOG091G09V2	C0000107862_scaffold107862_cov185	0	19268
EOG091G0LCT	C0000028165_scaffold28165_cov270	73049	89858
EOG091G011X	C0000111282_scaffold111282_cov247	0	9291
EOG091G0ZTA	C0000013655_scaffold13655_cov263	0	11821
EOG091G0W26	C0000071598_scaffold71598_cov275	0	16634
EOG091G05Q6	C0000008409_scaffold8409_cov290	52916	70373
EOG091G0M8S	C0000017116_scaffold17116_cov144	0	15137
EOG091G0ITS	C0000114854_scaffold114854_cov240	0	9342
EOG091G0Z6N	C0000004663_scaffold4663_cov62	0	8491
EOG091G0Z6N	C0000011660_scaffold11660_cov67	0	10929
EOG091G0Z6N	C0000019674_scaffold19674_cov238	14754	32407
EOG091G0IYB	C0000033688_scaffold33688_cov138	0	9254
EOG091G15XS	C0000001786_scaffold1786_cov210	22658	38795
EOG091G0P5N	C0000009164_scaffold9164_cov167	48282	66583
EOG091G06I8	C0000003428_scaffold3428_cov226	0	15034
EOG091G04GW	C0000002429_scaffold2429_cov62	10741	28174
EOG091G0QCX	C0000001746_scaffold1746_cov281	65237	81743
EOG091G0QCX	C0000000408_scaffold408_cov99	860263	876661
EOG091G0I5H	C0000007021_scaffold7021_cov214	32343	49236
EOG091G0IDP	C0000011189_scaffold11189_cov263	15980	39340
EOG091G05LX	C0000012168_scaffold12168_cov196	4659	21300
EOG091G05LX	C0000081860_scaffold81860_cov269	7671	23916
EOG091G0AU6	C0000038261_scaffold38261_cov163	0	11481
EOG091G0YHX	C0000001406_scaffold1406_cov221	6198	22365
EOG091G0YHX	C0000141866_scaffold141866_cov197	0	11469
EOG091G03AN	C0000033882_scaffold33882_cov250	0	24603
EOG091G0DTE	C0000002402_scaffold2402_cov62	2605	19171
EOG091G0DTE	C0000082402_scaffold82402_cov275	22464	46134
EOG091G03TX	C0000016262_scaffold16262_cov285	0	16502
EOG091G0CEW	C0000001304_scaffold1304_cov188	0	10549
EOG091G0HAT	C0000016072_scaffold16072_cov306	0	12708
EOG091G03D7	C0000041604_scaffold41604_cov50	0	9617
EOG091G03D7	C0000000175_scaffold175_cov99	22236	39294
EOG091G03D7	C0000000527_scaffold527_cov191	10825	46470
EOG091G0BPU	C0000015960_scaffold15960_cov135	0	10258
EOG091G0IXT	C0000005769_scaffold5769_cov253	646	16762
EOG091G0EZO	C0000002979_scaffold2979_cov102	49397	66194
EOG091G0SRJ	C0000002147_scaffold2147_cov253	28146	44418
EOG091G07D9	C0000014939_scaffold14939_cov294	5146	31853
EOG091G0291	C0000041271_scaffold41271_cov55	0	15689
EOG091G00Q0	C0000119311_scaffold119311_cov296	0	10961
EOG091G0HS4	C0000122110_scaffold122110_cov359	0	9424
EOG091G09T3	C0000002028_scaffold2028_cov195	0	15100
EOG091G09T3	C0000010415_scaffold10415_cov147	0	13338
EOG091G0MY0	C0000061040_scaffold61040_cov266	15502	36764
EOG091G0G88	C0000010607_scaffold10607_cov278	126833	144975
EOG091G0UKP	C0000110443_scaffold110443_cov137	0	10711
EOG091G036T	C0000036026_scaffold36026_cov229	0	12636
EOG091G15HS	C0000107662_scaffold107662_cov256	0	14870
EOG091G0ZLQ	C0000022151_scaffold22151_cov195	1240	17353
EOG091G0MSR	C0000004318_scaffold4318_cov224	9202	25597
EOG091G0LRI	C0000018448_scaffold18448_cov186	18299	37548
EOG091G0MRS	C0000010772_scaffold10772_cov263	15210	31719
EOG091G0MRS	C0000016177_scaffold16177_cov157	0	13634
EOG091G0MRS	C0000034468_scaffold34468_cov159	0	18705
EOG091G0LFF	C0000001746_scaffold1746_cov281	67967	85081
EOG091G0BCO	C0000073941_scaffold73941_cov279	0	14481
EOG091G0H5Q	C0000025521_scaffold25521_cov273	49929	70072
EOG091G0GKX	C0000006018_scaffold6018_cov265	27675	48838
EOG091G0PL0	C0000022029_scaffold22029_cov143	0	13902
EOG091G0PL0	C0000071278_scaffold71278_cov174	0	8942
EOG091G0KRB	C0000022011_scaffold22011_cov218	0	13489
EOG091G0QKK	C0000016633_scaffold16633_cov274	72072	88617
EOG091G0ID9	C0000027266_scaffold27266_cov232	3759	20850
EOG091G0BKX	C0000000408_scaffold408_cov99	845160	862263
EOG091G0BKX	C0000062761_scaffold62761_cov58	0	10153
EOG091G0K98	C0000008411_scaffold8411_cov273	3480	19815
EOG091G01XD	C0000020789_scaffold20789_cov149	0	17928
EOG091G01XD	C0000087589_scaffold87589_cov169	0	10434
EOG091G065D	C0000021833_scaffold21833_cov270	0	26364
EOG091G0E5O	C0000111204_scaffold111204_cov303	0	14852
EOG091G0MLD	C0000022275_scaffold22275_cov150	12557	28757
EOG091G0MLD	C0000010253_scaffold10253_cov196	0	13376
EOG091G0BQF	C0000019767_scaffold19767_cov272	16998	38784
EOG091G0EHY	C0000005681_scaffold5681_cov248	0	10623
EOG091G0EHY	C0000116091_scaffold116091_cov303	0	9513
EOG091G0M04	C0000038258_scaffold38258_cov214	0	12677
EOG091G07EJ	C0000116469_scaffold116469_cov282	0	9973
EOG091G0321	C0000013945_scaffold13945_cov236	0	10125
EOG091G0321	C0000111354_scaffold111354_cov381	0	9059
EOG091G0UXY	C0000022073_scaffold22073_cov271	29963	59125
EOG091G05D7	C0000000048_scaffold48_cov171	0	17022
EOG091G0530	C0000018132_scaffold18132_cov59	0	16748
EOG091G03I1	C0000007101_scaffold7101_cov208	0	15231
EOG091G10SA	C0000050629_scaffold50629_cov173	0	9354
EOG091G07Z0	C0000002205_scaffold2205_cov291	49041	68055
EOG091G04RS	C0000096105_scaffold96105_cov277	0	27566
EOG091G05AH	C0000024437_scaffold24437_cov56	0	15487
EOG091G05AH	C0000011835_scaffold11835_cov59	0	13449
EOG091G0PNP	C0000020096_scaffold20096_cov261	19036	35263
EOG091G0A2L	C0000108414_scaffold108414_cov295	24638	50837
EOG091G0A2L	C0000042358_scaffold42358_cov144	0	9222
EOG091G036C	C0000012071_scaffold12071_cov178	33205	50365
EOG091G0AI5	C0000004627_scaffold4627_cov217	580	24584
EOG091G0JWC	C0000021371_scaffold21371_cov52	0	14634
EOG091G0JWC	C0000028288_scaffold28288_cov263	6061	25420
EOG091G0NMJ	C0000033608_scaffold33608_cov268	30427	46561
EOG091G09QO	C0000024790_scaffold24790_cov57	0	10501
EOG091G09QO	C0000000823_scaffold823_cov99	653294	670169
EOG091G0DBF	C0000021382_scaffold21382_cov236	1876	19300
EOG091G074U	C0000116764_scaffold116764_cov282	0	12946
EOG091G0KC3	C0000115286_scaffold115286_cov261	0	9207
EOG091G040D	C0000040729_scaffold40729_cov184	0	12324
EOG091G040D	C0000045708_scaffold45708_cov177	0	13019
EOG091G19WY	C0000012058_scaffold12058_cov293	5534	22824
EOG091G01EW	C0000005515_scaffold5515_cov213	0	19312
EOG091G0HTU	C0000006174_scaffold6174_cov220	0	14399
EOG091G0YCT	C0000056564_scaffold56564_cov132	0	13510
EOG091G0YCT	C0000011086_scaffold11086_cov149	0	10855
EOG091G0YCT	C0000005180_scaffold5180_cov197	823	16912
EOG091G0EHZ	C0000114706_scaffold114706_cov211	0	8691
EOG091G00VZ	C0000008482_scaffold8482_cov281	124001	149197
EOG091G08JG	C0000005853_scaffold5853_cov53	0	9297
EOG091G08JG	C0000000408_scaffold408_cov99	142094	159146
EOG091G08JG	C0000045472_scaffold45472_cov195	0	10644
EOG091G03LI	C0000030239_scaffold30239_cov298	0	16607
EOG091G0I2X	C0000110445_scaffold110445_cov274	453	16587
EOG091G0QRW	C0000040713_scaffold40713_cov129	0	9583
EOG091G0QRW	C0000019475_scaffold19475_cov158	0	9838
EOG091G0NM1	C0000058578_scaffold58578_cov261	6369	22506
EOG091G14DH	C0000000408_scaffold408_cov99	296101	312364
EOG091G14DH	C0000120327_scaffold120327_cov261	0	8911
EOG091G0Z43	C0000013346_scaffold13346_cov294	147330	163515
EOG091G02NO	C0000000408_scaffold408_cov99	541281	558087
EOG091G0W2D	C0000003617_scaffold3617_cov264	9277	25480
EOG091G0AQA	C0000035299_scaffold35299_cov229	0	18415
EOG091G00QT	C0000013836_scaffold13836_cov224	0	19268
EOG091G09KX	C0000010728_scaffold10728_cov262	11608	28336
EOG091G09KX	C0000016249_scaffold16249_cov59	3507	20106
EOG091G09KX	C0000110384_scaffold110384_cov107	73402	89980
EOG091G0ONT	C0000138014_scaffold138014_cov247	0	12034
EOG091G0C84	C0000002054_scaffold2054_cov62	24200	40943
EOG091G0C84	C0000002377_scaffold2377_cov55	0	10682
EOG091G0C84	C0000000408_scaffold408_cov99	668113	684637
EOG091G10SJ	C0000030593_scaffold30593_cov271	16549	32683
EOG091G03X8	C0000034278_scaffold34278_cov289	53355	70440
EOG091G0JU7	C0000020413_scaffold20413_cov209	0	17803
EOG091G0IZX	C0000027294_scaffold27294_cov164	0	11221
EOG091G0IZX	C0000125141_scaffold125141_cov254	0	8430
EOG091G05NK	C0000115305_scaffold115305_cov296	0	8497
EOG091G05NK	C0000066830_scaffold66830_cov105	0	9889
EOG091G05NK	C0000111228_scaffold111228_cov247	0	10221
EOG091G09D8	C0000107879_scaffold107879_cov233	3978	20861
EOG091G09D8	C0000007876_scaffold7876_cov262	10926	27159
EOG091G0TRW	C0000132384_scaffold132384_cov261	0	12194
EOG091G1817	C0000112762_scaffold112762_cov268	0	9999
EOG091G1817	C0000132275_scaffold132275_cov296	0	11508
EOG091G03ZS	C0000012694_scaffold12694_cov216	0	11900
EOG091G0TCJ	C0000040735_scaffold40735_cov212	0	16228
EOG091G0KJA	C0000015509_scaffold15509_cov146	0	12555
EOG091G0K0H	C0000108407_scaffold108407_cov211	782	16958
EOG091G0FTU	C0000000823_scaffold823_cov99	302931	319329
EOG091G0FTU	C0000013405_scaffold13405_cov186	0	11664
EOG091G05XY	C0000030082_scaffold30082_cov212	0	12746
EOG091G09MD	C0000028398_scaffold28398_cov277	1424	22356
EOG091G07N5	C0000026462_scaffold26462_cov245	12102	28392
EOG091G02LY	C0000029216_scaffold29216_cov133	0	14008
EOG091G0DXC	C0000019888_scaffold19888_cov296	0	9044
EOG091G0K92	C0000001578_scaffold1578_cov157	0	8975
EOG091G0RRT	C0000000718_scaffold718_cov241	6126	28393
EOG091G038T	C0000007461_scaffold7461_cov186	329	23447
EOG091G0FWS	C0000003544_scaffold3544_cov261	18340	39690
EOG091G13P1	C0000032623_scaffold32623_cov240	78131	108127
EOG091G0EH8	C0000130969_scaffold130969_cov240	0	11586
EOG091G05OR	C0000020879_scaffold20879_cov176	7234	23800
EOG091G05OR	C0000113612_scaffold113612_cov261	0	14765
EOG091G085U	C0000023314_scaffold23314_cov294	38773	59486
EOG091G1A3H	C0000053134_scaffold53134_cov254	0	9209
EOG091G05Q0	C0000126021_scaffold126021_cov268	0	15704
EOG091G0A5N	C0000018169_scaffold18169_cov210	0	11245
EOG091G0ZWE	C0000108349_scaffold108349_cov163	471	16818
EOG091G0ZWE	C0000069853_scaffold69853_cov294	255	16485
EOG091G05EU	C0000123755_scaffold123755_cov268	0	9766
EOG091G0ILG	C0000009106_scaffold9106_cov281	0	13187
EOG091G08V8	C0000016384_scaffold16384_cov270	0	24333
EOG091G059G	C0000024523_scaffold24523_cov257	40176	61559
EOG091G0VIF	C0000036418_scaffold36418_cov275	0	12073
EOG091G07CE	C0000131013_scaffold131013_cov296	0	10849
EOG091G0O6E	C0000046909_scaffold46909_cov112	0	8372
EOG091G0O6E	C0000052124_scaffold52124_cov118	0	9609
EOG091G0DTB	C0000014399_scaffold14399_cov277	33419	50693
EOG091G0DTB	C0000003292_scaffold3292_cov64	1352	17975
EOG091G0TZX	C0000111052_scaffold111052_cov240	0	8543
EOG091G0TZX	C0000072377_scaffold72377_cov182	0	8146
EOG091G0TZX	C0000072378_scaffold72378_cov167	0	8146
EOG091G08NN	C0000000408_scaffold408_cov99	1106015	1122962
EOG091G02P2	C0000130520_scaffold130520_cov261	0	9667
EOG091G02P2	C0000108170_scaffold108170_cov214	4397	20543
EOG091G0A2I	C0000125584_scaffold125584_cov233	0	10314
EOG091G0A2I	C0000064599_scaffold64599_cov254	0	8412
EOG091G0DLW	C0000129050_scaffold129050_cov254	0	8667
EOG091G0W5M	C0000115696_scaffold115696_cov254	0	15275
EOG091G0KSX	C0000023739_scaffold23739_cov273	0	15354
EOG091G049W	C0000003577_scaffold3577_cov221	0	15213
EOG091G0HDF	C0000022008_scaffold22008_cov269	60106	76570
EOG091G05K5	C0000019301_scaffold19301_cov264	39758	60408
EOG091G04JK	C0000125170_scaffold125170_cov261	0	12811
EOG091G0E3F	C0000085560_scaffold85560_cov157	0	11492
EOG091G0E3F	C0000017046_scaffold17046_cov153	0	11418
EOG091G0E3F	C0000132724_scaffold132724_cov233	0	8867
EOG091G0MI7	C0000009888_scaffold9888_cov268	0	8788
EOG091G0TSE	C0000071159_scaffold71159_cov244	0	9312
EOG091G0AKW	C0000056885_scaffold56885_cov262	1910	27842
EOG091G0DQS	C0000112547_scaffold112547_cov233	0	9696
EOG091G07Z1	C0000000175_scaffold175_cov99	18721	35779
EOG091G0OUM	C0000036903_scaffold36903_cov174	1167	18867
EOG091G07IY	C0000015249_scaffold15249_cov257	26095	43093
EOG091G0YZ0	C0000019674_scaffold19674_cov238	7594	23806
EOG091G06OM	C0000005813_scaffold5813_cov232	16851	39126
EOG091G023Z	C0000083405_scaffold83405_cov162	0	8444
EOG091G023Z	C0000094469_scaffold94469_cov162	0	9930
EOG091G023Z	C0000118991_scaffold118991_cov197	0	9390
EOG091G0IF3	C0000029018_scaffold29018_cov177	0	14146
EOG091G0BUD	C0000134289_scaffold134289_cov282	0	10240
EOG091G0BUD	C0000014347_scaffold14347_cov264	0	11933
EOG091G0K1G	C0000029187_scaffold29187_cov211	10460	29224
EOG091G0K1G	C0000011736_scaffold11736_cov55	2267	18866
EOG091G15HV	C0000000361_scaffold361_cov279	92876	109061
EOG091G06U0	C0000003864_scaffold3864_cov275	16005	37638
EOG091G06U0	C0000041548_scaffold41548_cov265	7900	28475
EOG091G0KUR	C0000004099_scaffold4099_cov185	0	14178
EOG091G0BAM	C0000006018_scaffold6018_cov265	14201	36144
EOG091G0B2N	C0000015189_scaffold15189_cov275	46523	66095
EOG091G0MSB	C0000000408_scaffold408_cov99	754327	770956
EOG091G0Q7M	C0000012188_scaffold12188_cov195	4662	20988
EOG091G07Q3	C0000035684_scaffold35684_cov268	63367	85354
EOG091G115J	C0000013185_scaffold13185_cov261	68252	84371
EOG091G0YU6	C0000008969_scaffold8969_cov279	13494	29790
EOG091G0GMC	C0000097222_scaffold97222_cov296	0	8994
EOG091G0GMC	C0000006986_scaffold6986_cov275	6017	22157
EOG091G0GMC	C0000009788_scaffold9788_cov280	27141	43263
EOG091G0DUX	C0000034688_scaffold34688_cov275	87317	104024
EOG091G0TM2	C0000012080_scaffold12080_cov213	20655	36825
EOG091G0M4K	C0000000697_scaffold697_cov274	157088	173252
EOG091G0NTO	C0000011650_scaffold11650_cov233	0	8965
EOG091G03XO	C0000008840_scaffold8840_cov215	5920	32192
EOG091G03XO	C0000039028_scaffold39028_cov113	0	12960
EOG091G03FL	C0000017864_scaffold17864_cov177	0	15821
EOG091G03FL	C0000040500_scaffold40500_cov144	0	9544
EOG091G03BV	C0000134511_scaffold134511_cov268	0	14584
EOG091G03BV	C0000004588_scaffold4588_cov209	0	11850
EOG091G05T4	C0000112215_scaffold112215_cov289	0	9076
EOG091G0AJ6	C0000002993_scaffold2993_cov270	105098	123235
EOG091G0ZDR	C0000134846_scaffold134846_cov233	0	9781
EOG091G0CQ2	C0000019512_scaffold19512_cov280	20681	37325
EOG091G0CQ2	C0000008149_scaffold8149_cov213	0	15702
EOG091G0FZN	C0000114643_scaffold114643_cov204	0	8559
EOG091G0G46	C0000112474_scaffold112474_cov218	0	10041
EOG091G0G46	C0000026265_scaffold26265_cov174	0	11729
EOG091G04CK	C0000047553_scaffold47553_cov204	0	9167
EOG091G04CK	C0000135634_scaffold135634_cov522	0	8329
EOG091G0HXJ	C0000022210_scaffold22210_cov261	13024	29674
EOG091G020Y	C0000014122_scaffold14122_cov64	11172	28593
EOG091G020Y	C0000000408_scaffold408_cov99	615463	632917
EOG091G13IJ	C0000012135_scaffold12135_cov159	0	14544
EOG091G13IJ	C0000084928_scaffold84928_cov156	0	11198
EOG091G0JMY	C0000016394_scaffold16394_cov184	0	10541
EOG091G02B4	C0000108521_scaffold108521_cov241	0	9601
EOG091G02B4	C0000117568_scaffold117568_cov254	0	9822
EOG091G02B4	C0000108703_scaffold108703_cov258	1998	18183
EOG091G0L5Z	C0000108681_scaffold108681_cov258	0	9883
EOG091G0L5Z	C0000022837_scaffold22837_cov155	0	11910
EOG091G0L5Z	C0000075635_scaffold75635_cov162	0	9128
EOG091G0525	C0000132960_scaffold132960_cov289	0	12787
EOG091G053R	C0000005728_scaffold5728_cov221	0	9126
EOG091G048B	C0000071598_scaffold71598_cov275	3245	23849
EOG091G048B	C0000002970_scaffold2970_cov154	0	14052
EOG091G0J14	C0000000823_scaffold823_cov99	353215	369739
EOG091G0ERU	C0000136522_scaffold136522_cov247	0	9981
EOG091G0ERU	C0000133032_scaffold133032_cov226	0	8405
EOG091G0QUH	C0000007957_scaffold7957_cov283	6004	22474
EOG091G0X1Z	C0000125331_scaffold125331_cov240	0	12597
EOG091G134K	C0000003308_scaffold3308_cov251	22564	38818
EOG091G02ZI	C0000107893_scaffold107893_cov214	0	15311
EOG091G0K6O	C0000003609_scaffold3609_cov169	13437	29682
EOG091G0KGX	C0000001379_scaffold1379_cov100	48770	65237
EOG091G0KGX	C0000008478_scaffold8478_cov224	0	12838
EOG091G09R0	C0000029204_scaffold29204_cov253	71401	88231
EOG091G09R0	C0000005759_scaffold5759_cov57	0	10584
EOG091G09R0	C0000000823_scaffold823_cov99	494962	511648
EOG091G0FS8	C0000000408_scaffold408_cov99	461038	477574
EOG091G1311	C0000001233_scaffold1233_cov275	9412	25555
EOG091G1311	C0000006804_scaffold6804_cov250	26746	42865
EOG091G0H62	C0000071965_scaffold71965_cov272	21833	38267
EOG091G089T	C0000055963_scaffold55963_cov283	27355	47628
EOG091G07QN	C0000003525_scaffold3525_cov176	627	21787
EOG091G06YD	C0000036330_scaffold36330_cov151	0	12949
EOG091G06YD	C0000004124_scaffold4124_cov62	3011	19529
EOG091G0LT1	C0000001771_scaffold1771_cov99	41705	58025
EOG091G0FYY	C0000073107_scaffold73107_cov198	0	13982
EOG091G0MY8	C0000031562_scaffold31562_cov276	24978	41172
EOG091G0AZ7	C0000042834_scaffold42834_cov190	0	9156
EOG091G0AZ7	C0000042832_scaffold42832_cov211	0	9175
EOG091G06QP	C0000011250_scaffold11250_cov270	20642	38391
EOG091G0R3S	C0000013643_scaffold13643_cov275	47803	67008
EOG091G0JBM	C0000027476_scaffold27476_cov242	54249	70707
EOG091G0MHM	C0000040728_scaffold40728_cov281	41989	60998
EOG091G08O3	C0000054628_scaffold54628_cov232	1558	22419
EOG091G0QGZ	C0000011736_scaffold11736_cov55	5380	21703
EOG091G0QGZ	C0000107665_scaffold107665_cov217	5805	24264
EOG091G0E5P	C0000107662_scaffold107662_cov256	35607	53114
EOG091G0WZ0	C0000010980_scaffold10980_cov208	0	11069
EOG091G08BK	C0000035097_scaffold35097_cov257	65063	87783
EOG091G0AGT	C0000111703_scaffold111703_cov218	0	11367
EOG091G0AGT	C0000001368_scaffold1368_cov158	370	16480
EOG091G01XI	C0000023502_scaffold23502_cov213	0	16296
EOG091G0C8H	C0000020209_scaffold20209_cov203	0	14412
EOG091G0KR3	C0000017352_scaffold17352_cov253	8492	31452
EOG091G0KEQ	C0000019507_scaffold19507_cov207	5494	24216
EOG091G112U	C0000010772_scaffold10772_cov263	8741	25064
EOG091G0G6C	C0000001697_scaffold1697_cov324	0	16651
EOG091G05FE	C0000015184_scaffold15184_cov203	0	15373
EOG091G0IS6	C0000000408_scaffold408_cov99	1003852	1020451
EOG091G0IS6	C0000000175_scaffold175_cov99	48328	64975
EOG091G0IS6	C0000011762_scaffold11762_cov64	3765	20382
EOG091G0A27	C0000122335_scaffold122335_cov254	7533	23670
EOG091G0CH6	C0000005727_scaffold5727_cov274	67809	85073
EOG091G069C	C0000006285_scaffold6285_cov178	8276	31233
EOG091G06JJ	C0000056843_scaffold56843_cov180	0	9678
EOG091G06JJ	C0000012838_scaffold12838_cov235	0	8463
EOG091G0NTZ	C0000005703_scaffold5703_cov204	0	9777
EOG091G06CB	C0000013297_scaffold13297_cov191	0	24256
EOG091G02UC	C0000013773_scaffold13773_cov177	1074	32687
EOG091G025T	C0000015022_scaffold15022_cov266	0	36825
EOG091G0T79	C0000002979_scaffold2979_cov102	45655	62038
EOG091G0BDT	C0000024096_scaffold24096_cov199	0	11260
EOG091G0LT7	C0000048562_scaffold48562_cov229	3721	19930
EOG091G0QJA	C0000034918_scaffold34918_cov186	1416	18163
EOG091G0MP6	C0000000461_scaffold461_cov175	0	22216
EOG091G0MZC	C0000021129_scaffold21129_cov153	9504	25653
EOG091G0MZC	C0000107916_scaffold107916_cov169	0	11665
EOG091G15XZ	C0000008391_scaffold8391_cov177	10810	27001
EOG091G08FX	C0000001771_scaffold1771_cov99	147884	164603
EOG091G08FX	C0000066265_scaffold66265_cov216	0	18152
EOG091G0D8N	C0000005812_scaffold5812_cov195	44338	61144
EOG091G0QS4	C0000107652_scaffold107652_cov278	4946	21916
EOG091G081C	C0000118486_scaffold118486_cov275	581	18234
EOG091G0XVD	C0000000408_scaffold408_cov99	1234809	1251144
EOG091G0XVD	C0000025803_scaffold25803_cov58	4097	20408
EOG091G0XVD	C0000004924_scaffold4924_cov169	15540	32784
EOG091G0JI1	C0000001778_scaffold1778_cov238	6234	22713
EOG091G0JHN	C0000035212_scaffold35212_cov265	0	12322
EOG091G01GC	C0000029458_scaffold29458_cov155	0	20299
EOG091G01GC	C0000141008_scaffold141008_cov233	0	9265
EOG091G00AH	C0000015784_scaffold15784_cov246	16631	54386
EOG091G04EX	C0000057158_scaffold57158_cov217	0	13376
EOG091G0LP5	C0000108345_scaffold108345_cov177	0	8205
EOG091G0RKU	C0000014255_scaffold14255_cov171	1939	18073
EOG091G0HSB	C0000114146_scaffold114146_cov247	0	12629
EOG091G07DR	C0000037716_scaffold37716_cov201	0	11947
EOG091G0VQK	C0000111491_scaffold111491_cov247	0	9446
EOG091G0BX3	C0000006437_scaffold6437_cov281	152504	173297
EOG091G0ZUA	C0000108081_scaffold108081_cov216	149	20484
EOG091G01LC	C0000029739_scaffold29739_cov275	23343	40356
EOG091G01LC	C0000015079_scaffold15079_cov166	0	27179
EOG091G01LC	C0000004152_scaffold4152_cov114	20583	37437
EOG091G0WPV	C0000138825_scaffold138825_cov268	0	13980
EOG091G08D1	C0000127262_scaffold127262_cov254	0	11128
EOG091G0TAU	C0000035513_scaffold35513_cov189	9207	26088
EOG091G0J2W	C0000009890_scaffold9890_cov193	671	17222
EOG091G0AVA	C0000046062_scaffold46062_cov226	10314	26475
EOG091G0RPE	C0000017116_scaffold17116_cov144	0	9594
EOG091G11CO	C0000000823_scaffold823_cov99	98107	115402
EOG091G11CO	C0000021475_scaffold21475_cov57	0	14165
EOG091G11CO	C0000013817_scaffold13817_cov273	3313	30067
EOG091G0AX1	C0000006445_scaffold6445_cov58	0	15812
EOG091G0AX1	C0000011496_scaffold11496_cov64	0	12592
EOG091G0BNI	C0000007253_scaffold7253_cov267	2158	25708
EOG091G0BWJ	C0000017313_scaffold17313_cov274	740	17210
EOG091G0D7V	C0000001150_scaffold1150_cov275	0	15082
EOG091G0PXB	C0000139514_scaffold139514_cov226	0	13288
EOG091G0PXB	C0000030216_scaffold30216_cov213	0	8231
EOG091G04D1	C0000137750_scaffold137750_cov310	0	9215
EOG091G09MU	C0000000408_scaffold408_cov99	1250928	1267170
EOG091G0KNT	C0000011190_scaffold11190_cov57	21506	38066
EOG091G0KNT	C0000013174_scaffold13174_cov204	11994	29677
EOG091G08Y9	C0000022775_scaffold22775_cov52	0	11598
EOG091G0J61	C0000008775_scaffold8775_cov289	37481	53612
EOG091G09BP	C0000003309_scaffold3309_cov57	8426	25463
EOG091G040G	C0000139463_scaffold139463_cov226	0	9233
EOG091G040G	C0000021653_scaffold21653_cov285	81748	103160
EOG091G0L5H	C0000000610_scaffold610_cov279	139523	155687
EOG091G0W1S	C0000010852_scaffold10852_cov167	10547	27920
EOG091G0W1S	C0000011717_scaffold11717_cov212	0	10686
EOG091G06ON	C0000011685_scaffold11685_cov286	59008	82568
EOG091G06ON	C0000108178_scaffold108178_cov203	0	15293
EOG091G0BHV	C0000036036_scaffold36036_cov227	5738	21890
EOG091G0BHV	C0000006299_scaffold6299_cov253	0	13909
EOG091G0E06	C0000005613_scaffold5613_cov148	0	18995
EOG091G197A	C0000014107_scaffold14107_cov260	17875	36254
EOG091G0R6Z	C0000140109_scaffold140109_cov247	0	16567
EOG091G0O7O	C0000038482_scaffold38482_cov193	0	10654
EOG091G02BK	C0000002507_scaffold2507_cov269	0	46910
EOG091G11CG	C0000004009_scaffold4009_cov210	13578	29826
EOG091G126R	C0000059865_scaffold59865_cov168	0	9128
EOG091G0262	C0000127572_scaffold127572_cov247	0	10455
EOG091G0AEH	C0000001672_scaffold1672_cov240	83994	103320
EOG091G0RR3	C0000009895_scaffold9895_cov137	0	14452
EOG091G04GK	C0000108605_scaffold108605_cov235	0	13826
EOG091G0R9X	C0000107594_scaffold107594_cov165	18622	34798
EOG091G0D04	C0000130542_scaffold130542_cov254	0	11073
EOG091G0DRZ	C0000113627_scaffold113627_cov261	0	11644
EOG091G0X8F	C0000047086_scaffold47086_cov285	9728	28511
EOG091G0X8F	C0000002394_scaffold2394_cov137	8857	25048
EOG091G0U75	C0000009875_scaffold9875_cov184	3	16644
EOG091G0U75	C0000000823_scaffold823_cov99	475071	491676
EOG091G0RVD	C0000075143_scaffold75143_cov175	4877	23345
EOG091G0RVD	C0000035893_scaffold35893_cov289	9960	26280
EOG091G0EM6	C0000000175_scaffold175_cov99	59030	75263
EOG091G0O40	C0000033458_scaffold33458_cov272	34432	50560
EOG091G046Y	C0000001092_scaffold1092_cov160	0	22824
EOG091G0A19	C0000004226_scaffold4226_cov268	0	19750
EOG091G0MCM	C0000035949_scaffold35949_cov57	0	11927
EOG091G0LMX	C0000009878_scaffold9878_cov153	0	13242
EOG091G0C7Y	C0000017815_scaffold17815_cov234	0	12468
EOG091G02NH	C0000041842_scaffold41842_cov262	0	28482
EOG091G0K1H	C0000015606_scaffold15606_cov252	0	12600
EOG091G1467	C0000017650_scaffold17650_cov252	0	10344
EOG091G06J6	C0000091755_scaffold91755_cov265	0	16066
EOG091G06LW	C0000001282_scaffold1282_cov64	30186	47400
EOG091G06LW	C0000002520_scaffold2520_cov110	22514	46662
EOG091G06LW	C0000000823_scaffold823_cov99	0	15662
EOG091G0SOZ	C0000137030_scaffold137030_cov233	0	10070
EOG091G0J69	C0000021730_scaffold21730_cov219	0	13123
EOG091G07PV	C0000081322_scaffold81322_cov162	0	15475
EOG091G07PV	C0000081321_scaffold81321_cov148	0	15746
EOG091G07PV	C0000018202_scaffold18202_cov60	6080	22451
EOG091G01MK	C0000004841_scaffold4841_cov272	0	31288
EOG091G0DYW	C0000116546_scaffold116546_cov275	0	8801
EOG091G0DYW	C0000090767_scaffold90767_cov169	0	8923
EOG091G0DYW	C0000090766_scaffold90766_cov188	0	8908
EOG091G0L4Z	C0000003496_scaffold3496_cov266	44399	60680
EOG091G0QNR	C0000024059_scaffold24059_cov217	17237	34906
EOG091G03M4	C0000108048_scaffold108048_cov172	28345	45892
EOG091G09GA	C0000126472_scaffold126472_cov233	0	9678
EOG091G0JUY	C0000114062_scaffold114062_cov247	3766	21778
EOG091G0JEC	C0000032546_scaffold32546_cov282	43480	60327
EOG091G0JEC	C0000002066_scaffold2066_cov62	0	12898
EOG091G0K82	C0000001771_scaffold1771_cov99	230797	247621
EOG091G0BG4	C0000032554_scaffold32554_cov215	0	10865
EOG091G03TZ	C0000033780_scaffold33780_cov186	0	8660
EOG091G03TZ	C0000023370_scaffold23370_cov190	0	8647
EOG091G078D	C0000132642_scaffold132642_cov254	0	16472
EOG091G078D	C0000013631_scaffold13631_cov204	8636	26806
EOG091G0JYQ	C0000037007_scaffold37007_cov239	0	17447
EOG091G0AZV	C0000057909_scaffold57909_cov175	0	10984
EOG091G01TH	C0000124061_scaffold124061_cov310	0	14266
EOG091G17J4	C0000108004_scaffold108004_cov273	23319	39462
EOG091G0TA6	C0000006323_scaffold6323_cov186	6339	22500
EOG091G0SU6	C0000112794_scaffold112794_cov268	0	9356
EOG091G0N9Z	C0000026253_scaffold26253_cov303	0	8123
EOG091G0B9B	C0000108162_scaffold108162_cov232	1938	18051
EOG091G0KVW	C0000135311_scaffold135311_cov233	0	8714
EOG091G0KVW	C0000013436_scaffold13436_cov245	46152	64176
EOG091G08RU	C0000008755_scaffold8755_cov255	0	16368
EOG091G08RU	C0000022234_scaffold22234_cov66	1003	17677
EOG091G0UOM	C0000041062_scaffold41062_cov184	209	16640
EOG091G096V	C0000128591_scaffold128591_cov226	0	9874
EOG091G0LZ0	C0000118787_scaffold118787_cov247	0	9518
EOG091G0XXM	C0000064274_scaffold64274_cov142	0	11407
EOG091G0XXM	C0000064275_scaffold64275_cov149	0	11768
EOG091G0PGM	C0000030257_scaffold30257_cov206	1787	18017
EOG091G0XYP	C0000027567_scaffold27567_cov184	9751	25870
EOG091G0UKA	C0000048385_scaffold48385_cov269	0	10384
EOG091G0UKA	C0000004242_scaffold4242_cov257	61788	77904
EOG091G0814	C0000015017_scaffold15017_cov191	0	15295
EOG091G0814	C0000004500_scaffold4500_cov66	15476	32141
EOG091G0803	C0000108438_scaffold108438_cov203	0	11581
EOG091G0UQZ	C0000110375_scaffold110375_cov269	1197	17769
EOG091G0UQZ	C0000052479_scaffold52479_cov204	0	9908
EOG091G0QW9	C0000013596_scaffold13596_cov222	0	10981
EOG091G0H6J	C0000032141_scaffold32141_cov211	0	8425
EOG091G02C8	C0000114508_scaffold114508_cov282	0	8368
EOG091G0AOO	C0000134576_scaffold134576_cov218	0	11815
EOG091G0F70	C0000137375_scaffold137375_cov254	0	11619
EOG091G0GWO	C0000002392_scaffold2392_cov155	9761	31580
EOG091G0U4B	C0000077276_scaffold77276_cov260	9491	25625
EOG091G0K1Z	C0000091168_scaffold91168_cov279	0	13451
EOG091G09GO	C0000019002_scaffold19002_cov308	35765	58288
EOG091G0W6G	C0000050137_scaffold50137_cov256	7133	25691
EOG091G073F	C0000006310_scaffold6310_cov60	0	14125
EOG091G073F	C0000001033_scaffold1033_cov98	100070	117005
EOG091G073F	C0000003807_scaffold3807_cov55	0	14117
EOG091G0J09	C0000029316_scaffold29316_cov290	18000	34473
EOG091G0DVQ	C0000012462_scaffold12462_cov257	33678	49884
EOG091G0DVQ	C0000021167_scaffold21167_cov277	19197	35400
EOG091G0LO1	C0000010255_scaffold10255_cov171	15209	34795
EOG091G062X	C0000008399_scaffold8399_cov202	0	15789
EOG091G0OI8	C0000000107_scaffold107_cov253	124672	141190
EOG091G040L	C0000098477_scaffold98477_cov233	0	9603
EOG091G0EMF	C0000008873_scaffold8873_cov196	11930	28088
EOG091G0LAR	C0000007213_scaffold7213_cov83	0	11351
EOG091G0LAR	C0000031266_scaffold31266_cov282	0	25169
EOG091G0KGO	C0000001527_scaffold1527_cov254	24901	41302
EOG091G03OT	C0000035394_scaffold35394_cov176	0	15039
EOG091G17K3	C0000014148_scaffold14148_cov259	116659	132874
EOG091G0DTP	C0000005501_scaffold5501_cov174	0	12399
EOG091G06Y7	C0000107948_scaffold107948_cov231	0	14456
EOG091G0627	C0000092442_scaffold92442_cov242	0	10020
EOG091G0QPG	C0000021133_scaffold21133_cov147	0	12802
EOG091G0SQV	C0000035099_scaffold35099_cov253	0	14966
EOG091G0UE6	C0000016705_scaffold16705_cov287	0	15858
EOG091G0PUZ	C0000029234_scaffold29234_cov283	17015	34183
EOG091G0PUZ	C0000001616_scaffold1616_cov279	0	11760
EOG091G0C9Y	C0000045598_scaffold45598_cov154	0	18486
EOG091G05GZ	C0000007763_scaffold7763_cov261	7021	24440
EOG091G0MBG	C0000024059_scaffold24059_cov217	4547	21365
EOG091G0E8J	C0000007786_scaffold7786_cov231	21403	45340
EOG091G0AHJ	C0000110384_scaffold110384_cov107	10870	27907
EOG091G0AHJ	C0000005113_scaffold5113_cov59	4480	21271
EOG091G0AVP	C0000133921_scaffold133921_cov268	0	10329
EOG091G0H3D	C0000016645_scaffold16645_cov154	0	9232
EOG091G0H3D	C0000027282_scaffold27282_cov153	0	9225
EOG091G05K7	C0000030448_scaffold30448_cov187	2749	19054
EOG091G0H64	C0000007319_scaffold7319_cov271	61148	78613
EOG091G0FQ2	C0000001282_scaffold1282_cov64	0	9747
EOG091G0FQ2	C0000000408_scaffold408_cov99	464380	481033
EOG091G07Z5	C0000057661_scaffold57661_cov210	0	11885
EOG091G07Z5	C0000043649_scaffold43649_cov180	0	10433
EOG091G0QNW	C0000000409_scaffold409_cov251	0	15015
EOG091G0LB8	C0000002435_scaffold2435_cov268	130948	151442
EOG091G0LB8	C0000047252_scaffold47252_cov182	0	11417
EOG091G0NIU	C0000041888_scaffold41888_cov195	0	13003
EOG091G0TQF	C0000047950_scaffold47950_cov190	0	9769
EOG091G0K9M	C0000135702_scaffold135702_cov240	0	8881
EOG091G0703	C0000118080_scaffold118080_cov218	0	10324
EOG091G0B9T	C0000003807_scaffold3807_cov55	0	13030
EOG091G0B9T	C0000006310_scaffold6310_cov60	0	12951
EOG091G0B9T	C0000001033_scaffold1033_cov98	98922	115857
EOG091G09RJ	C0000139746_scaffold139746_cov296	0	8355
EOG091G09RJ	C0000007032_scaffold7032_cov265	0	8494
EOG091G105E	C0000023546_scaffold23546_cov264	90830	106976
EOG091G00UD	C0000038105_scaffold38105_cov226	0	12357
EOG091G0J56	C0000118539_scaffold118539_cov233	0	10156
EOG091G06M8	C0000129224_scaffold129224_cov247	0	13742
EOG091G0VGJ	C0000036902_scaffold36902_cov225	1689	19684
EOG091G0MJA	C0000140787_scaffold140787_cov247	0	10950
EOG091G0MJA	C0000117700_scaffold117700_cov275	0	9408
EOG091G0BUH	C0000002465_scaffold2465_cov212	1572	19404
EOG091G0EAF	C0000039894_scaffold39894_cov272	19102	41934
EOG091G05TG	C0000008960_scaffold8960_cov294	97450	124626
EOG091G05TG	C0000000408_scaffold408_cov99	473187	489987
EOG091G05CI	C0000128421_scaffold128421_cov226	0	11493
EOG091G0YY3	C0000049996_scaffold49996_cov261	0	12088
EOG091G0LVQ	C0000113789_scaffold113789_cov211	0	9436
EOG091G0NNO	C0000000835_scaffold835_cov98	47729	64922
EOG091G0NNO	C0000000408_scaffold408_cov99	508912	526108
EOG091G0MG7	C0000011075_scaffold11075_cov180	0	13692
EOG091G0DXV	C0000030580_scaffold30580_cov261	15978	39721
EOG091G0CF7	C0000069853_scaffold69853_cov294	16660	38951
EOG091G0OHF	C0000040753_scaffold40753_cov186	0	17515
EOG091G0OHF	C0000057878_scaffold57878_cov158	0	17567
EOG091G088L	C0000052427_scaffold52427_cov265	1788	29178
EOG091G0NKD	C0000010817_scaffold10817_cov273	44454	61008
EOG091G0NKD	C0000020406_scaffold20406_cov265	13307	29810
EOG091G0NKD	C0000000408_scaffold408_cov99	1095949	1112404
EOG091G04FV	C0000007021_scaffold7021_cov214	13457	32466
EOG091G113O	C0000053427_scaffold53427_cov271	6312	22485
EOG091G0I85	C0000043064_scaffold43064_cov279	7764	23931
EOG091G04IK	C0000004268_scaffold4268_cov212	0	11945
EOG091G0E7S	C0000107865_scaffold107865_cov226	0	17162
