# BUSCO version is: 2.0.1 
# The lineage dataset is: metazoa_odb9 (Creation date: 2016-02-13, number of species: 65, number of BUSCOs: 978)
# To reproduce this run: python /home/deepseq/tool/BUSCO_v2.0.1/BUSCO.py -i Cxam.plat89.out_gapClosed.fa.ca -o 201804220250-C84PT73ZUND5RPRN_Cxam.Plat89out_gapClosed.BUSCO -l /home/deepseq/tool/BUSCO_v2.0.1/metazoa_odb9/ -m genome -c 32 -sp fly
#
# Busco id	Status	Contig	Start	End	Score	Length
EOG091G00AH	Complete	C0000015784_scaffold15784_cov246	20667	45847	323.8	477
EOG091G00CM	Complete	C0000005002_scaffold5002_cov58	2486	6160	475.3	354
EOG091G00GM	Fragmented	C0000011372_scaffold11372_cov156	1	6319	247.9	170
EOG091G00GQ	Complete	C0000008960_scaffold8960_cov294	50660	82125	1023.8	911
EOG091G00L0	Missing
EOG091G00MA	Missing
EOG091G00MI	Complete	C0000107918_scaffold107918_cov258	2111	12295	382.2	281
EOG091G00Q0	Fragmented	C0000119311_scaffold119311_cov296	1	2934	483.1	270
EOG091G00QT	Complete	C0000013836_scaffold13836_cov224	1	15456	494.3	437
EOG091G00UD	Complete	C0000038105_scaffold38105_cov226	1	4365	337.5	571
EOG091G00VZ	Missing
EOG091G00Z3	Fragmented	C0000017459_scaffold17459_cov208	5235	21667	164.2	179
EOG091G011X	Missing
EOG091G017G	Complete	C0000023017_scaffold23017_cov196	452	4885	1529.3	837
EOG091G017T	Fragmented	C0000041819_scaffold41819_cov289	1408	4788	179.9	140
EOG091G019V	Duplicated	C0000000175_scaffold175_cov99	23184	26222	1135.9	804
EOG091G019V	Duplicated	C0000003742_scaffold3742_cov53	3406	6635	1161.6	810
EOG091G01EW	Complete	C0000000823_scaffold823_cov99	353380	355998	80.2	433
EOG091G01GC	Fragmented	C0000141008_scaffold141008_cov233	25	1256	236.6	125
EOG091G01IW	Complete	C0000002578_scaffold2578_cov201	8923	16222	302.3	163
EOG091G01LC	Complete	C0000015079_scaffold15079_cov166	1404	21815	407.7	349
EOG091G01MK	Fragmented	C0000004841_scaffold4841_cov272	1	8907	380.2	233
EOG091G01S9	Complete	C0000124615_scaffold124615_cov268	1	7253	120.1	295
EOG091G01TH	Missing
EOG091G01TX	Missing
EOG091G01VH	Fragmented	C0000126644_scaffold126644_cov261	1	6287	434.9	248
EOG091G01WY	Missing
EOG091G01XD	Missing
EOG091G01XI	Fragmented	C0000023502_scaffold23502_cov213	1	10707	182.8	180
EOG091G01XQ	Missing
EOG091G01Z2	Complete	C0000034278_scaffold34278_cov289	734	18635	860.8	880
EOG091G020E	Missing
EOG091G020Y	Complete	C0000000408_scaffold408_cov99	623087	625017	365.1	409
EOG091G023Z	Fragmented	C0000018227_scaffold18227_cov191	1	11257	191.4	185
EOG091G024J	Fragmented	C0000042092_scaffold42092_cov268	458	14001	317.0	209
EOG091G025T	Complete	C0000015022_scaffold15022_cov266	69	29225	901.8	845
EOG091G0262	Complete	C0000127572_scaffold127572_cov247	1	3131	225.9	588
EOG091G026F	Complete	C0000005947_scaffold5947_cov55	3877	5558	591.7	452
EOG091G026I	Missing
EOG091G027G	Complete	C0000049168_scaffold49168_cov252	725	16471	511.3	409
EOG091G028G	Complete	C0000020576_scaffold20576_cov187	5774	10328	289.3	297
EOG091G0291	Complete	C0000041271_scaffold41271_cov55	5936	11680	209.5	375
EOG091G029K	Missing
EOG091G02B4	Missing
EOG091G02BK	Complete	C0000002507_scaffold2507_cov269	4696	40112	1073.0	596
EOG091G02C8	Missing
EOG091G02E4	Missing
EOG091G02FR	Complete	C0000021733_scaffold21733_cov184	32003	34501	429.6	453
EOG091G02HY	Complete	C0000025476_scaffold25476_cov261	26538	33191	515.5	564
EOG091G02IP	Complete	C0000003651_scaffold3651_cov264	32117	35236	387.3	550
EOG091G02LY	Fragmented	C0000029216_scaffold29216_cov133	2958	5975	178.7	139
EOG091G02MR	Complete	C0000007972_scaffold7972_cov253	1	13314	472.2	317
EOG091G02NH	Complete	C0000041842_scaffold41842_cov262	296	28482	1138.0	684
EOG091G02NO	Complete	C0000000408_scaffold408_cov99	548526	556360	127.7	234
EOG091G02O5	Fragmented	C0000108643_scaffold108643_cov183	2523	5677	63.7	56
EOG091G02O6	Missing
EOG091G02OE	Missing
EOG091G02P2	Fragmented	C0000108170_scaffold108170_cov214	9226	19572	96.4	141
EOG091G02UC	Fragmented	C0000013773_scaffold13773_cov177	9074	14119	87.8	114
EOG091G02V5	Fragmented	C0000003700_scaffold3700_cov172	2436	7107	227.6	177
EOG091G02VO	Complete	C0000022943_scaffold22943_cov64	4436	8192	252.5	442
EOG091G02WU	Complete	C0000128958_scaffold128958_cov218	10	3269	546.8	481
EOG091G02ZI	Complete	C0000107893_scaffold107893_cov214	1368	11470	370.7	206
EOG091G0307	Duplicated	C0000005807_scaffold5807_cov60	3529	6715	265.6	390
EOG091G0307	Duplicated	C0000012029_scaffold12029_cov54	3351	10922	274.1	455
EOG091G031X	Missing
EOG091G0321	Missing
EOG091G0349	Missing
EOG091G036A	Complete	C0000123411_scaffold123411_cov254	5899	10866	287.5	561
EOG091G036C	Missing
EOG091G036T	Missing
EOG091G038T	Complete	C0000007461_scaffold7461_cov186	2994	21627	540.8	341
EOG091G038X	Missing
EOG091G03AN	Complete	C0000033882_scaffold33882_cov250	550	17740	472.9	492
EOG091G03B9	Complete	C0000002041_scaffold2041_cov264	8325	50910	780.3	519
EOG091G03BV	Fragmented	C0000134511_scaffold134511_cov268	2236	6573	135.8	76
EOG091G03C0	Missing
EOG091G03C7	Complete	C0000001771_scaffold1771_cov99	182157	185733	606.5	481
EOG091G03D7	Complete	C0000041604_scaffold41604_cov50	1	1603	314.0	429
EOG091G03DT	Complete	C0000039199_scaffold39199_cov197	2126	8150	552.2	398
EOG091G03FL	Complete	C0000017864_scaffold17864_cov177	5726	14064	203.3	412
EOG091G03G3	Complete	C0000018919_scaffold18919_cov208	1326	10144	429.6	347
EOG091G03H4	Complete	C0000000175_scaffold175_cov99	49206	57654	224.0	435
EOG091G03I1	Missing
EOG091G03JF	Complete	C0000012324_scaffold12324_cov282	11663	35502	326.4	256
EOG091G03JG	Missing
EOG091G03JX	Fragmented	C0000107870_scaffold107870_cov235	19713	25493	184.7	153
EOG091G03LI	Complete	C0000030239_scaffold30239_cov298	6536	16607	628.6	403
EOG091G03M4	Complete	C0000108048_scaffold108048_cov172	30700	45852	775.6	491
EOG091G03O0	Complete	C0000001786_scaffold1786_cov210	1	21175	588.4	525
EOG091G03OT	Missing
EOG091G03P0	Complete	C0000005189_scaffold5189_cov253	61725	89801	700.4	542
EOG091G03PD	Complete	C0000008431_scaffold8431_cov279	2905	24465	566.6	394
EOG091G03QC	Duplicated	C0000002979_scaffold2979_cov102	45975	53456	457.5	493
EOG091G03QC	Duplicated	C0000025251_scaffold25251_cov55	41	9992	396.8	469
EOG091G03RW	Complete	C0000021899_scaffold21899_cov162	11249	34838	419.8	593
EOG091G03SE	Missing
EOG091G03TX	Complete	C0000016262_scaffold16262_cov285	2679	15230	745.4	419
EOG091G03TZ	Missing
EOG091G03X8	Complete	C0000034278_scaffold34278_cov289	53683	70787	151.7	435
EOG091G03XO	Complete	C0000008840_scaffold8840_cov215	11414	24781	356.4	285
EOG091G03XS	Fragmented	C0000028398_scaffold28398_cov277	1566	10492	55.4	72
EOG091G03Y8	Complete	C0000031405_scaffold31405_cov152	3738	14844	524.3	383
EOG091G03Z1	Missing
EOG091G03ZS	Fragmented	C0000012694_scaffold12694_cov216	1	7782	185.6	96
EOG091G040D	Missing
EOG091G040G	Complete	C0000021653_scaffold21653_cov285	85412	95882	369.9	343
EOG091G040L	Complete	C0000003109_scaffold3109_cov62	25436	31732	29.5	260
EOG091G046H	Fragmented	C0000107739_scaffold107739_cov197	8597	12577	83.5	91
EOG091G046Y	Missing
EOG091G048B	Complete	C0000071598_scaffold71598_cov275	8590	18140	213.4	229
EOG091G0495	Complete	C0000020785_scaffold20785_cov254	4076	10795	554.1	456
EOG091G049W	Missing
EOG091G04CK	Fragmented	C0000018806_scaffold18806_cov160	700	6519	117.9	173
EOG091G04D1	Missing
EOG091G04EX	Missing
EOG091G04FV	Complete	C0000007021_scaffold7021_cov214	16816	24380	126.0	239
EOG091G04GK	Missing
EOG091G04GW	Complete	C0000002429_scaffold2429_cov62	16696	22880	189.1	369
EOG091G04IK	Complete	C0000004268_scaffold4268_cov212	1	11677	117.5	222
EOG091G04JK	Missing
EOG091G04LC	Missing
EOG091G04MA	Complete	C0000108229_scaffold108229_cov192	316	6926	237.5	307
EOG091G04RS	Missing
EOG091G04WH	Missing
EOG091G050A	Missing
EOG091G050Q	Missing
EOG091G0525	Complete	C0000132960_scaffold132960_cov289	1696	9450	215.5	392
EOG091G0530	Missing
EOG091G053A	Complete	C0000004833_scaffold4833_cov62	17484	21326	74.7	322
EOG091G053D	Complete	C0000114366_scaffold114366_cov254	304	7205	299.3	271
EOG091G053R	Missing
EOG091G054P	Missing
EOG091G0554	Missing
EOG091G057L	Complete	C0000008656_scaffold8656_cov227	1531	11205	300.7	413
EOG091G059G	Complete	C0000024523_scaffold24523_cov257	46730	53610	680.9	435
EOG091G05AA	Complete	C0000001771_scaffold1771_cov99	149643	158997	497.2	403
EOG091G05AH	Missing
EOG091G05CI	Missing
EOG091G05D7	Complete	C0000000048_scaffold48_cov171	298	10384	280.1	313
EOG091G05EU	Missing
EOG091G05FE	Complete	C0000015184_scaffold15184_cov203	809	15155	497.1	455
EOG091G05GZ	Complete	C0000007763_scaffold7763_cov261	7021	22855	400.7	401
EOG091G05IH	Missing
EOG091G05IK	Missing
EOG091G05K5	Complete	C0000019301_scaffold19301_cov264	41555	55782	653.2	455
EOG091G05K7	Missing
EOG091G05KR	Complete	C0000107812_scaffold107812_cov222	26941	42860	683.5	430
EOG091G05LX	Complete	C0000012168_scaffold12168_cov196	4792	15923	288.5	288
EOG091G05N4	Fragmented	C0000010293_scaffold10293_cov133	2396	10762	91.9	81
EOG091G05NK	Missing
EOG091G05NZ	Missing
EOG091G05OR	Missing
EOG091G05OW	Complete	C0000010575_scaffold10575_cov58	15564	18511	237.9	407
EOG091G05Q0	Complete	C0000126021_scaffold126021_cov268	3563	8849	298.1	222
EOG091G05Q6	Complete	C0000008409_scaffold8409_cov290	55341	62697	515.2	395
EOG091G05RA	Fragmented	C0000057006_scaffold57006_cov237	1728	2180	120.8	97
EOG091G05SE	Missing
EOG091G05T4	Missing
EOG091G05TG	Complete	C0000008960_scaffold8960_cov294	97851	124524	633.3	424
EOG091G05UF	Missing
EOG091G05X1	Missing
EOG091G05XY	Missing
EOG091G05YC	Complete	C0000041858_scaffold41858_cov284	329	11665	291.4	340
EOG091G05ZE	Missing
EOG091G05ZJ	Complete	C0000003632_scaffold3632_cov246	9035	22625	119.6	290
EOG091G060D	Complete	C0000117567_scaffold117567_cov226	119	1921	448.9	321
EOG091G0627	Missing
EOG091G0628	Complete	C0000004737_scaffold4737_cov266	26967	48570	557.8	460
EOG091G062X	Missing
EOG091G065D	Complete	C0000021833_scaffold21833_cov270	520	19955	639.4	463
EOG091G066W	Missing
EOG091G069C	Complete	C0000006285_scaffold6285_cov178	11203	29810	429.7	258
EOG091G06CB	Complete	C0000013297_scaffold13297_cov191	2916	16441	531.7	379
EOG091G06DH	Complete	C0000001527_scaffold1527_cov254	35632	55527	380.1	356
EOG091G06EF	Complete	C0000000697_scaffold697_cov274	359668	386454	517.6	367
EOG091G06HP	Missing
EOG091G06I3	Fragmented	C0000096762_scaffold96762_cov205	254	1318	218.3	178
EOG091G06I8	Complete	C0000003428_scaffold3428_cov226	5769	7355	689.8	372
EOG091G06J6	Complete	C0000091755_scaffold91755_cov265	1	6829	87.9	182
EOG091G06JJ	Missing
EOG091G06LW	Duplicated	C0000000823_scaffold823_cov99	1272	13525	316.7	372
EOG091G06LW	Duplicated	C0000001282_scaffold1282_cov64	36041	40572	346.8	367
EOG091G06M8	Missing
EOG091G06MR	Missing
EOG091G06OM	Complete	C0000005813_scaffold5813_cov232	19856	31893	570.9	375
EOG091G06ON	Complete	C0000011685_scaffold11685_cov286	66643	77120	463.7	328
EOG091G06OP	Complete	C0000012322_scaffold12322_cov193	3672	20124	399.8	384
EOG091G06P4	Complete	C0000038167_scaffold38167_cov148	1076	18191	533.1	419
EOG091G06QP	Complete	C0000011250_scaffold11250_cov270	24131	36546	414.9	442
EOG091G06S3	Complete	C0000010078_scaffold10078_cov273	64323	85749	647.5	372
EOG091G06U0	Missing
EOG091G06XK	Missing
EOG091G06Y3	Complete	C0000009234_scaffold9234_cov138	9648	10850	338.0	330
EOG091G06Y7	Complete	C0000107948_scaffold107948_cov231	930	6715	587.0	403
EOG091G06YD	Complete	C0000036330_scaffold36330_cov151	595	7150	203.5	175
EOG091G0703	Missing
EOG091G073F	Complete	C0000001033_scaffold1033_cov98	100070	109264	260.7	330
EOG091G074G	Complete	C0000016773_scaffold16773_cov275	176	13046	494.7	378
EOG091G074J	Duplicated	C0000013691_scaffold13691_cov146	2689	8916	88.0	197
EOG091G074J	Duplicated	C0000017914_scaffold17914_cov136	9834	10847	102.9	219
EOG091G074U	Missing
EOG091G075F	Complete	C0000007889_scaffold7889_cov281	21373	30947	480.4	337
EOG091G075K	Complete	C0000020988_scaffold20988_cov145	1	3788	267.8	145
EOG091G0769	Complete	C0000001282_scaffold1282_cov64	5947	9775	369.3	356
EOG091G0781	Missing
EOG091G078D	Fragmented	C0000013631_scaffold13631_cov204	16375	20366	129.7	127
EOG091G079R	Complete	C0000113061_scaffold113061_cov211	1	1445	671.2	346
EOG091G07CE	Missing
EOG091G07D9	Complete	C0000014939_scaffold14939_cov294	5510	25260	723.2	389
EOG091G07DR	Complete	C0000037716_scaffold37716_cov201	699	11630	725.5	536
EOG091G07EJ	Missing
EOG091G07FP	Missing
EOG091G07IK	Missing
EOG091G07IY	Missing
EOG091G07KC	Missing
EOG091G07KL	Complete	C0000059137_scaffold59137_cov241	1822	7925	78.4	218
EOG091G07N5	Complete	C0000026462_scaffold26462_cov245	12102	22126	125.8	186
EOG091G07N8	Complete	C0000107570_scaffold107570_cov204	9134	14787	226.6	259
EOG091G07NJ	Complete	C0000034919_scaffold34919_cov315	57056	66994	398.9	341
EOG091G07OD	Complete	C0000005287_scaffold5287_cov201	159	11086	523.1	357
EOG091G07PH	Missing
EOG091G07PR	Missing
EOG091G07PV	Fragmented	C0000081321_scaffold81321_cov148	1322	7560	80.4	117
EOG091G07Q3	Complete	C0000035684_scaffold35684_cov268	64742	77521	448.8	339
EOG091G07QN	Complete	C0000003525_scaffold3525_cov176	4512	21738	393.1	314
EOG091G07S9	Complete	C0000000823_scaffold823_cov99	359064	370472	138.2	336
EOG091G07VQ	Complete	C0000001267_scaffold1267_cov215	344	9635	261.0	217
EOG091G07Z0	Complete	C0000002205_scaffold2205_cov291	50683	60785	549.6	370
EOG091G07Z1	Complete	C0000000175_scaffold175_cov99	26297	27945	210.9	271
EOG091G07Z5	Missing
EOG091G0803	Complete	C0000108438_scaffold108438_cov203	1996	3859	581.4	386
EOG091G0814	Complete	C0000004500_scaffold4500_cov66	23012	25550	241.5	336
EOG091G081C	Complete	C0000118486_scaffold118486_cov275	8596	14542	194.2	219
EOG091G081H	Missing
EOG091G085U	Complete	C0000023314_scaffold23314_cov294	39302	52361	339.2	309
EOG091G087E	Missing
EOG091G088L	Missing
EOG091G089T	Complete	C0000055963_scaffold55963_cov283	34658	40079	364.7	371
EOG091G08BK	Fragmented	C0000035097_scaffold35097_cov257	71807	80976	310.5	195
EOG091G08D1	Fragmented	C0000127262_scaffold127262_cov254	6740	7216	31.2	89
EOG091G08DN	Complete	C0000005332_scaffold5332_cov187	1856	6853	462.4	332
EOG091G08FX	Complete	C0000001771_scaffold1771_cov99	155239	156703	409.9	321
EOG091G08IJ	Missing
EOG091G08JE	Complete	C0000009912_scaffold9912_cov152	20571	23734	542.7	346
EOG091G08JG	Complete	C0000000408_scaffold408_cov99	147299	156403	155.4	272
EOG091G08L8	Missing
EOG091G08LT	Missing
EOG091G08NN	Complete	C0000000408_scaffold408_cov99	1111161	1115819	191.9	248
EOG091G08O3	Complete	C0000054628_scaffold54628_cov232	9493	16796	550.7	339
EOG091G08PW	Missing
EOG091G08R8	Complete	C0000110378_scaffold110378_cov253	1843	21607	320.9	306
EOG091G08RU	Complete	C0000022234_scaffold22234_cov66	6888	9686	221.1	262
EOG091G08SM	Missing
EOG091G08UU	Complete	C0000011265_scaffold11265_cov262	5349	6661	553.3	282
EOG091G08V8	Complete	C0000016384_scaffold16384_cov270	1	18715	247.7	316
EOG091G08VB	Complete	C0000017874_scaffold17874_cov225	2226	25220	618.5	541
EOG091G08Y9	Complete	C0000022775_scaffold22775_cov52	165	3643	143.5	193
EOG091G08ZG	Missing
EOG091G08ZR	Missing
EOG091G090D	Complete	C0000011966_scaffold11966_cov269	141464	150600	276.1	272
EOG091G095O	Complete	C0000005345_scaffold5345_cov115	9103	14902	255.0	279
EOG091G096V	Complete	C0000128591_scaffold128591_cov226	195	2216	406.7	338
EOG091G0977	Missing
EOG091G0990	Complete	C0000013637_scaffold13637_cov273	9505	20956	222.4	234
EOG091G099D	Complete	C0000000408_scaffold408_cov99	763188	769804	72.6	224
EOG091G09BP	Complete	C0000003309_scaffold3309_cov57	16360	17484	160.9	256
EOG091G09D8	Missing
EOG091G09FV	Missing
EOG091G09GA	Missing
EOG091G09GO	Complete	C0000019002_scaffold19002_cov308	37709	50323	485.3	297
EOG091G09HG	Complete	C0000009041_scaffold9041_cov287	41335	43665	155.2	296
EOG091G09HR	Missing
EOG091G09IW	Fragmented	C0000001404_scaffold1404_cov210	298	1231	56.2	137
EOG091G09J7	Missing
EOG091G09KI	Complete	C0000022018_scaffold22018_cov177	6401	12030	96.6	107
EOG091G09KK	Missing
EOG091G09KX	Complete	C0000010728_scaffold10728_cov262	19173	22284	402.5	317
EOG091G09L6	Missing
EOG091G09MD	Complete	C0000028398_scaffold28398_cov277	7062	22178	433.9	304
EOG091G09MU	Complete	C0000000408_scaffold408_cov99	1257443	1259747	71.7	192
EOG091G09O7	Missing
EOG091G09Q2	Complete	C0000107979_scaffold107979_cov227	796	10342	329.8	379
EOG091G09QO	Complete	C0000024790_scaffold24790_cov57	296	3621	139.5	218
EOG091G09R0	Complete	C0000029204_scaffold29204_cov253	79356	81841	251.0	231
EOG091G09RJ	Fragmented	C0000139746_scaffold139746_cov296	1	4671	114.9	94
EOG091G09SS	Complete	C0000034187_scaffold34187_cov260	2346	15481	266.5	191
EOG091G09T3	Missing
EOG091G09T6	Complete	C0000005262_scaffold5262_cov288	51017	67378	245.8	226
EOG091G09U9	Complete	C0000004924_scaffold4924_cov169	4708	22995	686.7	375
EOG091G09UA	Missing
EOG091G09UB	Fragmented	C0000115590_scaffold115590_cov247	32	655	116.3	90
EOG091G09V2	Complete	C0000107862_scaffold107862_cov185	1	15335	448.3	343
EOG091G09YB	Fragmented	C0000108275_scaffold108275_cov225	2877	9660	88.3	126
EOG091G0A0M	Missing
EOG091G0A19	Complete	C0000004226_scaffold4226_cov268	1796	19090	415.4	471
EOG091G0A27	Complete	C0000122335_scaffold122335_cov254	14868	18595	292.8	306
EOG091G0A2I	Fragmented	C0000011009_scaffold11009_cov261	97	6160	187.5	144
EOG091G0A2L	Complete	C0000108414_scaffold108414_cov295	39673	44325	116.4	398
EOG091G0A5N	Complete	C0000018169_scaffold18169_cov210	1	5599	364.3	248
EOG091G0A79	Missing
EOG091G0A98	Complete	C0000000408_scaffold408_cov99	76247	86591	169.8	198
EOG091G0AE2	Complete	C0000046180_scaffold46180_cov138	3326	6493	430.7	314
EOG091G0AE9	Complete	C0000018321_scaffold18321_cov254	1	14255	404.8	261
EOG091G0AEH	Complete	C0000001672_scaffold1672_cov240	88393	102888	283.1	214
EOG091G0AEL	Missing
EOG091G0AFP	Complete	C0000000408_scaffold408_cov99	340550	357053	225.4	158
EOG091G0AGM	Missing
EOG091G0AGT	Missing
EOG091G0AHJ	Complete	C0000110384_scaffold110384_cov107	18715	21636	89.0	278
EOG091G0AI5	Complete	C0000004627_scaffold4627_cov217	1194	21784	437.2	469
EOG091G0AJ6	Complete	C0000002993_scaffold2993_cov270	105098	120142	503.6	328
EOG091G0AKM	Missing
EOG091G0AKW	Complete	C0000056885_scaffold56885_cov262	7528	22619	494.5	332
EOG091G0AO6	Duplicated	C0000001771_scaffold1771_cov99	180358	181472	44.8	221
EOG091G0AO6	Duplicated	C0000104060_scaffold104060_cov63	1	1078	49.7	162
EOG091G0AOO	Fragmented	C0000134576_scaffold134576_cov218	316	2053	112.2	82
EOG091G0AQA	Complete	C0000035299_scaffold35299_cov229	7498	10421	325.8	295
EOG091G0ARE	Complete	C0000002147_scaffold2147_cov253	44438	62042	498.9	442
EOG091G0ARL	Missing
EOG091G0AU6	Complete	C0000038261_scaffold38261_cov163	386	7857	302.9	241
EOG091G0AVA	Missing
EOG091G0AVP	Missing
EOG091G0AVW	Missing
EOG091G0AX1	Complete	C0000006445_scaffold6445_cov58	4226	7930	69.8	162
EOG091G0AYM	Missing
EOG091G0AZ7	Missing
EOG091G0AZV	Complete	C0000057909_scaffold57909_cov175	2154	10755	211.4	190
EOG091G0B27	Fragmented	C0000127714_scaffold127714_cov303	1	4815	198.1	151
EOG091G0B2N	Complete	C0000015189_scaffold15189_cov275	46652	61497	436.3	261
EOG091G0B9B	Complete	C0000108162_scaffold108162_cov232	4277	17154	269.0	256
EOG091G0B9T	Complete	C0000001033_scaffold1033_cov98	98922	109256	307.6	357
EOG091G0BAG	Missing
EOG091G0BAM	Complete	C0000006018_scaffold6018_cov265	16134	30435	480.6	244
EOG091G0BBO	Complete	C0000044451_scaffold44451_cov194	768	7891	401.2	239
EOG091G0BCO	Complete	C0000073941_scaffold73941_cov279	5106	13918	257.8	200
EOG091G0BDT	Complete	C0000024096_scaffold24096_cov199	1790	4309	326.1	205
EOG091G0BED	Complete	C0000010920_scaffold10920_cov267	26573	36795	150.0	264
EOG091G0BG4	Missing
EOG091G0BHP	Complete	C0000115233_scaffold115233_cov233	1	823	456.0	220
EOG091G0BHV	Missing
EOG091G0BKI	Missing
EOG091G0BKR	Complete	C0000013656_scaffold13656_cov201	2022	7107	455.0	287
EOG091G0BKX	Duplicated	C0000000408_scaffold408_cov99	852904	854674	201.0	328
EOG091G0BKX	Duplicated	C0000062761_scaffold62761_cov58	1	2165	188.1	272
EOG091G0BKZ	Complete	C0000011736_scaffold11736_cov55	1881	14904	87.9	156
EOG091G0BL9	Complete	C0000029286_scaffold29286_cov183	1	9085	442.8	276
EOG091G0BN4	Missing
EOG091G0BNI	Complete	C0000007253_scaffold7253_cov267	7951	25542	411.0	259
EOG091G0BPU	Missing
EOG091G0BPX	Complete	C0000003742_scaffold3742_cov53	1	3225	160.3	212
EOG091G0BQF	Complete	C0000019767_scaffold19767_cov272	24840	32362	598.6	332
EOG091G0BTX	Fragmented	C0000134613_scaffold134613_cov183	2620	4583	134.7	78
EOG091G0BUD	Missing
EOG091G0BUH	Complete	C0000002465_scaffold2465_cov212	3518	14623	393.5	247
EOG091G0BWJ	Missing
EOG091G0BX3	Complete	C0000006437_scaffold6437_cov281	157149	170958	344.3	436
EOG091G0C2M	Complete	C0000023285_scaffold23285_cov283	1	8991	290.6	223
EOG091G0C2Z	Missing
EOG091G0C6I	Missing
EOG091G0C7Y	Complete	C0000017815_scaffold17815_cov234	171	6815	376.4	249
EOG091G0C84	Complete	C0000002054_scaffold2054_cov62	31655	33029	174.4	232
EOG091G0C8H	Missing
EOG091G0C9Y	Complete	C0000045598_scaffold45598_cov154	3101	10785	308.9	252
EOG091G0CAR	Missing
EOG091G0CEG	Complete	C0000007837_scaffold7837_cov283	103702	111337	215.3	229
EOG091G0CEK	Complete	C0000026673_scaffold26673_cov60	2846	6150	210.6	350
EOG091G0CEW	Complete	C0000001304_scaffold1304_cov188	1	2522	187.3	122
EOG091G0CF7	Complete	C0000069853_scaffold69853_cov294	20525	31542	512.2	287
EOG091G0CFP	Complete	C0000004676_scaffold4676_cov188	6128	12985	194.3	148
EOG091G0CGO	Complete	C0000108689_scaffold108689_cov245	14353	21008	195.6	217
EOG091G0CH6	Complete	C0000005727_scaffold5727_cov274	73144	77632	439.8	295
EOG091G0CID	Complete	C0000042408_scaffold42408_cov273	7960	10046	401.5	310
EOG091G0CLR	Complete	C0000008855_scaffold8855_cov287	65299	74602	326.9	332
EOG091G0CMN	Missing
EOG091G0CNT	Missing
EOG091G0COC	Complete	C0000021733_scaffold21733_cov184	5983	17395	463.0	324
EOG091G0CQ2	Complete	C0000008149_scaffold8149_cov213	2453	16667	220.7	159
EOG091G0CR4	Missing
EOG091G0CSZ	Complete	C0000025120_scaffold25120_cov224	1	11145	212.8	178
EOG091G0CTG	Duplicated	C0000000175_scaffold175_cov99	44883	49127	305.2	253
EOG091G0CTG	Duplicated	C0000007199_scaffold7199_cov130	12775	20653	306.4	214
EOG091G0CTU	Complete	C0000054002_scaffold54002_cov166	2303	8536	277.3	221
EOG091G0CW2	Missing
EOG091G0CXE	Missing
EOG091G0CZX	Missing
EOG091G0D04	Complete	C0000130542_scaffold130542_cov254	1	3154	212.6	146
EOG091G0D0D	Missing
EOG091G0D0W	Complete	C0000003688_scaffold3688_cov174	7426	11505	205.7	242
EOG091G0D26	Missing
EOG091G0D4N	Complete	C0000004231_scaffold4231_cov277	6679	16705	315.1	301
EOG091G0D7V	Complete	C0000001150_scaffold1150_cov275	939	13285	75.6	98
EOG091G0D8I	Complete	C0000006037_scaffold6037_cov249	13569	15232	381.6	228
EOG091G0D8N	Missing
EOG091G0DBF	Complete	C0000021382_scaffold21382_cov236	3262	15360	576.8	396
EOG091G0DLW	Complete	C0000129050_scaffold129050_cov254	1	1095	153.3	189
EOG091G0DND	Complete	C0000009116_scaffold9116_cov260	5702	18262	290.5	290
EOG091G0DPL	Complete	C0000001819_scaffold1819_cov265	38295	50181	140.2	140
EOG091G0DQ3	Complete	C0000051049_scaffold51049_cov257	76	12606	159.8	130
EOG091G0DQS	Fragmented	C0000112547_scaffold112547_cov233	1	1682	100.2	110
EOG091G0DQT	Missing
EOG091G0DRZ	Missing
EOG091G0DTB	Complete	C0000014399_scaffold14399_cov277	35889	44581	283.7	230
EOG091G0DTD	Missing
EOG091G0DTE	Complete	C0000082402_scaffold82402_cov275	29683	38928	365.3	246
EOG091G0DTP	Complete	C0000005501_scaffold5501_cov174	524	8935	279.3	220
EOG091G0DUX	Complete	C0000034688_scaffold34688_cov275	95205	96521	296.2	219
EOG091G0DVQ	Complete	C0000021167_scaffold21167_cov277	19704	28649	358.2	254
EOG091G0DWW	Missing
EOG091G0DXC	Missing
EOG091G0DXE	Complete	C0000047928_scaffold47928_cov270	11071	13166	257.2	290
EOG091G0DXP	Missing
EOG091G0DXV	Missing
EOG091G0DYU	Missing
EOG091G0DYW	Missing
EOG091G0E06	Complete	C0000005613_scaffold5613_cov148	2406	12013	253.7	184
EOG091G0E11	Complete	C0000011592_scaffold11592_cov240	68564	82428	139.8	132
EOG091G0E2R	Complete	C0000006804_scaffold6804_cov250	88391	92775	358.3	249
EOG091G0E2X	Complete	C0000028398_scaffold28398_cov277	30596	35810	179.9	192
EOG091G0E3F	Missing
EOG091G0E3V	Missing
EOG091G0E5O	Missing
EOG091G0E5P	Complete	C0000107662_scaffold107662_cov256	41565	45341	242.9	183
EOG091G0E7S	Complete	C0000107865_scaffold107865_cov226	1	15765	391.2	267
EOG091G0E8J	Complete	C0000007786_scaffold7786_cov231	27888	39216	375.1	317
EOG091G0EA2	Complete	C0000033574_scaffold33574_cov171	13	9156	152.4	143
EOG091G0EAF	Complete	C0000039894_scaffold39894_cov272	26377	37645	408.6	301
EOG091G0EBA	Complete	C0000127638_scaffold127638_cov289	1	3965	212.6	346
EOG091G0EH8	Missing
EOG091G0EHF	Complete	C0000035646_scaffold35646_cov272	13964	38928	290.4	258
EOG091G0EHY	Missing
EOG091G0EHZ	Fragmented	C0000132536_scaffold132536_cov233	1	518	140.6	95
EOG091G0EKA	Missing
EOG091G0ELO	Missing
EOG091G0ELS	Missing
EOG091G0EM6	Fragmented	C0000000175_scaffold175_cov99	66988	67257	94.2	81
EOG091G0EMF	Complete	C0000008873_scaffold8873_cov196	17876	21581	130.3	133
EOG091G0EO4	Missing
EOG091G0EQR	Complete	C0000001515_scaffold1515_cov272	47264	55587	280.9	277
EOG091G0ER1	Complete	C0000025946_scaffold25946_cov276	1	11462	134.2	138
EOG091G0ERU	Missing
EOG091G0ES6	Complete	C0000041068_scaffold41068_cov178	8912	18456	324.0	193
EOG091G0EUU	Complete	C0000013020_scaffold13020_cov254	17101	28516	418.8	300
EOG091G0EVK	Complete	C0000108414_scaffold108414_cov295	68892	76758	384.6	235
EOG091G0EZ8	Missing
EOG091G0EZO	Complete	C0000002979_scaffold2979_cov102	56832	61046	119.6	233
EOG091G0F0I	Missing
EOG091G0F70	Fragmented	C0000137375_scaffold137375_cov254	89	3631	88.7	107
EOG091G0F93	Fragmented	C0000013495_scaffold13495_cov207	1	3731	122.5	103
EOG091G0FAM	Complete	C0000114022_scaffold114022_cov275	129	3795	350.5	208
EOG091G0FH3	Missing
EOG091G0FIJ	Fragmented	C0000029298_scaffold29298_cov276	13455	17714	51.6	89
EOG091G0FJB	Complete	C0000006957_scaffold6957_cov191	3706	14581	384.9	257
EOG091G0FOR	Complete	C0000010607_scaffold10607_cov278	99948	107645	150.3	223
EOG091G0FPM	Complete	C0000002457_scaffold2457_cov59	22489	30237	151.1	224
EOG091G0FPV	Complete	C0000005642_scaffold5642_cov100	21617	22726	234.1	292
EOG091G0FQ2	Duplicated	C0000000408_scaffold408_cov99	472305	478669	143.4	180
EOG091G0FQ2	Duplicated	C0000001282_scaffold1282_cov64	1	2835	139.8	187
EOG091G0FS8	Missing
EOG091G0FSK	Missing
EOG091G0FTU	Missing
EOG091G0FWS	Complete	C0000003544_scaffold3544_cov261	18358	34034	397.1	279
EOG091G0FXV	Complete	C0000064178_scaffold64178_cov281	4504	15025	316.9	249
EOG091G0FYA	Missing
EOG091G0FYY	Complete	C0000073107_scaffold73107_cov198	1	6215	124.8	137
EOG091G0FZN	Missing
EOG091G0G1G	Missing
EOG091G0G3M	Missing
EOG091G0G46	Fragmented	C0000112474_scaffold112474_cov218	1	2032	160.5	122
EOG091G0G58	Complete	C0000009203_scaffold9203_cov214	2640	15240	115.0	240
EOG091G0G6C	Complete	C0000001697_scaffold1697_cov324	6379	8705	202.5	151
EOG091G0G6Z	Complete	C0000000598_scaffold598_cov275	29524	43903	186.1	213
EOG091G0G71	Complete	C0000004667_scaffold4667_cov129	446	12444	361.4	252
EOG091G0G88	Fragmented	C0000010607_scaffold10607_cov278	131040	136966	76.3	70
EOG091G0G8R	Complete	C0000012811_scaffold12811_cov64	4386	6110	158.6	166
EOG091G0G8S	Complete	C0000120978_scaffold120978_cov240	7106	10189	161.6	192
EOG091G0GA7	Complete	C0000010630_scaffold10630_cov202	646	7972	187.5	166
EOG091G0GA8	Missing
EOG091G0GBB	Complete	C0000015034_scaffold15034_cov269	37415	46645	137.6	126
EOG091G0GD0	Missing
EOG091G0GDF	Fragmented	C0000011814_scaffold11814_cov235	1996	8262	108.1	133
EOG091G0GI9	Duplicated	C0000016470_scaffold16470_cov117	1	6045	132.4	106
EOG091G0GI9	Duplicated	C0000016471_scaffold16471_cov120	1	9105	132.3	106
EOG091G0GIC	Missing
EOG091G0GKH	Complete	C0000107872_scaffold107872_cov185	3498	4169	129.5	160
EOG091G0GKX	Complete	C0000006018_scaffold6018_cov265	34857	41659	208.0	221
EOG091G0GMC	Missing
EOG091G0GN7	Complete	C0000021235_scaffold21235_cov221	1957	15545	488.5	333
EOG091G0GOU	Complete	C0000023285_scaffold23285_cov283	2202	16215	322.7	215
EOG091G0GQO	Missing
EOG091G0GUK	Complete	C0000079226_scaffold79226_cov266	20577	25863	161.7	174
EOG091G0GVZ	Missing
EOG091G0GWF	Complete	C0000026667_scaffold26667_cov263	192	1968	180.0	277
EOG091G0GWO	Complete	C0000002392_scaffold2392_cov155	10196	30334	291.1	214
EOG091G0GY1	Complete	C0000019512_scaffold19512_cov280	9814	23598	346.8	281
EOG091G0GZ4	Missing
EOG091G0H07	Fragmented	C0000071354_scaffold71354_cov198	3816	6602	75.0	87
EOG091G0H0S	Fragmented	C0000000408_scaffold408_cov99	1056496	1057206	36.2	128
EOG091G0H14	Complete	C0000016220_scaffold16220_cov189	10607	18664	196.7	207
EOG091G0H3D	Fragmented	C0000016645_scaffold16645_cov154	1	5271	169.7	166
EOG091G0H3U	Complete	C0000002680_scaffold2680_cov152	4480	17239	381.2	474
EOG091G0H5Q	Complete	C0000025521_scaffold25521_cov273	52649	64490	323.9	224
EOG091G0H62	Complete	C0000071965_scaffold71965_cov272	29719	30954	93.3	169
EOG091G0H64	Complete	C0000007319_scaffold7319_cov271	65299	70700	168.2	241
EOG091G0H6A	Fragmented	C0000129914_scaffold129914_cov226	1	3670	76.2	60
EOG091G0H6J	Missing
EOG091G0H8F	Complete	C0000022606_scaffold22606_cov187	426	9856	423.8	261
EOG091G0HAI	Complete	C0000107652_scaffold107652_cov278	62130	76720	380.1	195
EOG091G0HAT	Complete	C0000016072_scaffold16072_cov306	1979	12992	141.4	178
EOG091G0HBC	Complete	C0000000408_scaffold408_cov99	841358	849891	132.9	178
EOG091G0HC5	Complete	C0000009570_scaffold9570_cov206	2398	14765	172.9	183
EOG091G0HDF	Complete	C0000022008_scaffold22008_cov269	60558	74460	73.2	177
EOG091G0HJH	Missing
EOG091G0HML	Complete	C0000015978_scaffold15978_cov264	9491	16889	234.0	299
EOG091G0HMT	Missing
EOG091G0HOK	Missing
EOG091G0HP9	Missing
EOG091G0HQ3	Missing
EOG091G0HS4	Missing
EOG091G0HS8	Missing
EOG091G0HSB	Missing
EOG091G0HT4	Complete	C0000049091_scaffold49091_cov251	20896	27380	269.5	265
EOG091G0HTU	Missing
EOG091G0HXI	Complete	C0000016288_scaffold16288_cov266	586	10649	367.4	225
EOG091G0HXJ	Complete	C0000022210_scaffold22210_cov261	15459	21725	238.7	234
EOG091G0HYF	Complete	C0000004729_scaffold4729_cov261	23678	32502	345.8	201
EOG091G0HZK	Missing
EOG091G0I1O	Missing
EOG091G0I2X	Missing
EOG091G0I2Z	Fragmented	C0000107775_scaffold107775_cov214	1	8193	126.3	128
EOG091G0I5H	Complete	C0000007021_scaffold7021_cov214	40318	44645	243.1	253
EOG091G0I7M	Complete	C0000010788_scaffold10788_cov248	274	10898	127.5	250
EOG091G0I85	Complete	C0000043064_scaffold43064_cov279	8767	20601	239.2	290
EOG091G0I8J	Complete	C0000018801_scaffold18801_cov282	33638	45471	88.0	165
EOG091G0ID9	Complete	C0000027266_scaffold27266_cov232	6711	12913	367.1	289
EOG091G0IDE	Missing
EOG091G0IDG	Complete	C0000012080_scaffold12080_cov213	20715	27778	446.1	238
EOG091G0IDP	Complete	C0000011189_scaffold11189_cov263	20365	31611	365.8	180
EOG091G0IDS	Missing
EOG091G0IF3	Fragmented	C0000029018_scaffold29018_cov177	5110	6347	87.8	97
EOG091G0IGG	Complete	C0000017568_scaffold17568_cov56	1020	5919	67.2	392
EOG091G0IHL	Missing
EOG091G0II3	Complete	C0000021941_scaffold21941_cov271	9030	13531	239.7	174
EOG091G0ILG	Complete	C0000009106_scaffold9106_cov281	1686	6038	248.0	177
EOG091G0ILS	Complete	C0000013643_scaffold13643_cov275	31218	46438	311.1	289
EOG091G0IMB	Missing
EOG091G0IMD	Complete	C0000049902_scaffold49902_cov272	6944	19377	264.3	195
EOG091G0IMI	Complete	C0000002132_scaffold2132_cov61	15659	19927	101.7	237
EOG091G0IQ7	Complete	C0000000823_scaffold823_cov99	250905	251612	37.6	121
EOG091G0IQD	Complete	C0000045893_scaffold45893_cov228	676	13558	352.6	265
EOG091G0IRO	Complete	C0000010255_scaffold10255_cov171	6910	25594	245.2	169
EOG091G0IS6	Fragmented	C0000000175_scaffold175_cov99	56334	57590	104.2	161
EOG091G0ITS	Complete	C0000114854_scaffold114854_cov240	1	1448	377.5	256
EOG091G0IUT	Complete	C0000041243_scaffold41243_cov258	64773	73231	201.7	111
EOG091G0IVB	Complete	C0000009848_scaffold9848_cov198	25775	27821	295.1	195
EOG091G0IWR	Complete	C0000023546_scaffold23546_cov264	93489	105910	157.5	152
EOG091G0IX8	Missing
EOG091G0IXA	Missing
EOG091G0IXT	Complete	C0000005769_scaffold5769_cov253	5481	16100	231.5	184
EOG091G0IXY	Missing
EOG091G0IYB	Fragmented	C0000135179_scaffold135179_cov261	1	1936	143.1	139
EOG091G0IZD	Complete	C0000010920_scaffold10920_cov267	26765	32589	111.2	146
EOG091G0IZX	Missing
EOG091G0J09	Complete	C0000029316_scaffold29316_cov290	25497	26534	265.9	203
EOG091G0J14	Complete	C0000000823_scaffold823_cov99	359070	369739	100.2	112
EOG091G0J2W	Complete	C0000009890_scaffold9890_cov193	8450	15985	159.9	166
EOG091G0J56	Complete	C0000118539_scaffold118539_cov233	1017	4705	210.3	332
EOG091G0J61	Complete	C0000008775_scaffold8775_cov289	43373	52559	104.0	110
EOG091G0J69	Complete	C0000021730_scaffold21730_cov219	3631	5195	324.5	251
EOG091G0J7A	Complete	C0000014352_scaffold14352_cov196	9	5832	157.9	177
EOG091G0J98	Missing
EOG091G0JBM	Missing
EOG091G0JBZ	Complete	C0000000175_scaffold175_cov99	14090	15094	80.5	170
EOG091G0JC7	Missing
EOG091G0JEC	Complete	C0000032546_scaffold32546_cov282	51279	57195	212.3	126
EOG091G0JGU	Complete	C0000043229_scaffold43229_cov218	2402	7825	180.0	179
EOG091G0JHN	Complete	C0000035212_scaffold35212_cov265	637	10315	208.8	186
EOG091G0JHQ	Complete	C0000016729_scaffold16729_cov267	10516	17741	330.4	215
EOG091G0JI0	Missing
EOG091G0JI1	Complete	C0000001778_scaffold1778_cov238	11189	15617	245.7	129
EOG091G0JIA	Fragmented	C0000120371_scaffold120371_cov261	1857	2264	44.0	66
EOG091G0JMY	Missing
EOG091G0JTG	Complete	C0000031670_scaffold31670_cov247	7940	19441	153.1	203
EOG091G0JTR	Missing
EOG091G0JU7	Fragmented	C0000020413_scaffold20413_cov209	8444	9788	97.8	71
EOG091G0JUY	Missing
EOG091G0JWC	Complete	C0000028288_scaffold28288_cov263	7301	17506	210.6	164
EOG091G0JWK	Complete	C0000011593_scaffold11593_cov270	29988	36540	100.1	124
EOG091G0JYQ	Complete	C0000037007_scaffold37007_cov239	4042	9525	259.5	158
EOG091G0JZV	Missing
EOG091G0K0D	Complete	C0000001397_scaffold1397_cov181	9447	22555	146.6	148
EOG091G0K0H	Missing
EOG091G0K1G	Complete	C0000029187_scaffold29187_cov211	17992	22224	428.4	233
EOG091G0K1H	Fragmented	C0000015606_scaffold15606_cov252	1	2043	36.8	34
EOG091G0K1Z	Complete	C0000091168_scaffold91168_cov279	1	13118	172.3	241
EOG091G0K2R	Complete	C0000006174_scaffold6174_cov220	8006	14086	241.1	182
EOG091G0K6O	Complete	C0000003609_scaffold3609_cov169	20060	29361	141.0	114
EOG091G0K82	Complete	C0000001771_scaffold1771_cov99	238612	241958	221.3	191
EOG091G0K92	Missing
EOG091G0K95	Fragmented	C0000046026_scaffold46026_cov172	641	2092	71.9	87
EOG091G0K98	Complete	C0000008411_scaffold8411_cov273	7807	19430	288.3	255
EOG091G0K9M	Missing
EOG091G0KC3	Complete	C0000115286_scaffold115286_cov261	1	1197	130.9	172
EOG091G0KEQ	Missing
EOG091G0KGO	Complete	C0000001527_scaffold1527_cov254	26423	35823	279.5	184
EOG091G0KGX	Complete	C0000008478_scaffold8478_cov224	3400	11705	221.1	194
EOG091G0KHF	Missing
EOG091G0KJA	Complete	C0000015509_scaffold15509_cov146	1216	5401	223.1	234
EOG091G0KM6	Complete	C0000083408_scaffold83408_cov220	1383	14072	143.6	121
EOG091G0KNT	Complete	C0000013174_scaffold13174_cov204	15109	21951	221.2	185
EOG091G0KPB	Complete	C0000007440_scaffold7440_cov240	13073	17262	66.7	103
EOG091G0KR3	Complete	C0000017352_scaffold17352_cov253	14737	28616	256.5	152
EOG091G0KRB	Complete	C0000022011_scaffold22011_cov218	4666	9966	218.6	138
EOG091G0KRZ	Complete	C0000107774_scaffold107774_cov202	13313	25393	292.4	153
EOG091G0KS8	Complete	C0000001246_scaffold1246_cov259	22802	32703	227.8	192
EOG091G0KSQ	Complete	C0000003651_scaffold3651_cov264	35373	40899	374.9	206
EOG091G0KSX	Complete	C0000023739_scaffold23739_cov273	199	9115	134.4	148
EOG091G0KUR	Complete	C0000004099_scaffold4099_cov185	3016	9215	181.5	201
EOG091G0KVW	Complete	C0000013436_scaffold13436_cov245	50035	60076	256.8	159
EOG091G0L2T	Missing
EOG091G0L3L	Missing
EOG091G0L4M	Complete	C0000000408_scaffold408_cov99	46961	50097	62.6	148
EOG091G0L4Z	Complete	C0000003496_scaffold3496_cov266	44399	53453	126.8	172
EOG091G0L5D	Missing
EOG091G0L5H	Complete	C0000000610_scaffold610_cov279	144302	155562	137.5	148
EOG091G0L5I	Complete	C0000001420_scaffold1420_cov182	4766	12335	292.7	162
EOG091G0L5X	Complete	C0000027278_scaffold27278_cov55	1	9211	91.5	144
EOG091G0L5Z	Missing
EOG091G0L66	Complete	C0000009468_scaffold9468_cov222	7190	11454	232.2	164
EOG091G0L84	Complete	C0000007910_scaffold7910_cov285	60949	76000	296.5	222
EOG091G0LAR	Complete	C0000031266_scaffold31266_cov282	2011	17315	244.5	160
EOG091G0LB8	Complete	C0000002435_scaffold2435_cov268	131450	143910	164.4	154
EOG091G0LBN	Missing
EOG091G0LCK	Complete	C0000118718_scaffold118718_cov254	2954	5338	72.4	61
EOG091G0LCT	Fragmented	C0000028165_scaffold28165_cov270	80998	83644	61.9	87
EOG091G0LFF	Complete	C0000001746_scaffold1746_cov281	75252	77106	287.7	177
EOG091G0LIN	Complete	C0000039901_scaffold39901_cov282	53118	63706	366.6	207
EOG091G0LKE	Complete	C0000087214_scaffold87214_cov275	36737	40015	192.3	172
EOG091G0LMQ	Missing
EOG091G0LMX	Complete	C0000009878_scaffold9878_cov153	1151	6957	178.8	172
EOG091G0LMY	Complete	C0000003647_scaffold3647_cov280	1927	9736	117.3	166
EOG091G0LO1	Complete	C0000010255_scaffold10255_cov171	23194	31234	231.9	154
EOG091G0LP5	Missing
EOG091G0LPW	Missing
EOG091G0LRI	Complete	C0000018448_scaffold18448_cov186	25034	32142	266.0	173
EOG091G0LS0	Complete	C0000007180_scaffold7180_cov221	31149	42585	273.9	175
EOG091G0LT0	Missing
EOG091G0LT1	Missing
EOG091G0LT7	Complete	C0000048562_scaffold48562_cov229	5576	17158	146.3	176
EOG091G0LTE	Missing
EOG091G0LVQ	Missing
EOG091G0LZ0	Missing
EOG091G0M04	Complete	C0000038258_scaffold38258_cov214	1094	6736	205.6	168
EOG091G0M09	Missing
EOG091G0M0J	Missing
EOG091G0M0S	Complete	C0000030444_scaffold30444_cov269	305022	316747	136.7	112
EOG091G0M0T	Missing
EOG091G0M12	Complete	C0000003307_scaffold3307_cov254	72667	78264	128.5	113
EOG091G0M22	Fragmented	C0000013498_scaffold13498_cov157	1	9895	68.9	69
EOG091G0M24	Complete	C0000002435_scaffold2435_cov268	183424	189273	159.0	125
EOG091G0M3C	Missing
EOG091G0M4K	Complete	C0000000697_scaffold697_cov274	164773	166883	163.9	169
EOG091G0M4Q	Missing
EOG091G0M8S	Complete	C0000017116_scaffold17116_cov144	1659	12933	166.3	164
EOG091G0MB2	Complete	C0000031562_scaffold31562_cov276	21062	29089	239.1	135
EOG091G0MBG	Complete	C0000024059_scaffold24059_cov217	12532	13608	80.6	229
EOG091G0MBX	Missing
EOG091G0MCM	Complete	C0000035949_scaffold35949_cov57	3517	4445	124.3	101
EOG091G0MCZ	Missing
EOG091G0MDD	Missing
EOG091G0MDG	Missing
EOG091G0MDT	Missing
EOG091G0MF6	Complete	C0000003581_scaffold3581_cov214	4529	15724	284.1	147
EOG091G0MG7	Complete	C0000011075_scaffold11075_cov180	4056	7100	87.3	89
EOG091G0MHM	Complete	C0000040728_scaffold40728_cov281	41989	55563	132.4	116
EOG091G0MI7	Missing
EOG091G0MJA	Missing
EOG091G0MKY	Complete	C0000029447_scaffold29447_cov271	21305	27949	298.1	167
EOG091G0MLD	Missing
EOG091G0MLX	Complete	C0000029204_scaffold29204_cov253	7982	23189	198.1	148
EOG091G0MMY	Complete	C0000001644_scaffold1644_cov223	5818	22109	116.0	162
EOG091G0MP6	Complete	C0000000461_scaffold461_cov175	4136	21247	258.4	142
EOG091G0MRS	Duplicated	C0000010772_scaffold10772_cov263	23144	23824	194.5	155
EOG091G0MRS	Duplicated	C0000016177_scaffold16177_cov157	3382	5765	180.1	155
EOG091G0MS7	Missing
EOG091G0MSB	Complete	C0000000408_scaffold408_cov99	756956	763081	144.8	217
EOG091G0MSR	Complete	C0000004318_scaffold4318_cov224	12699	19376	125.6	118
EOG091G0MUD	Missing
EOG091G0MVL	Duplicated	C0000009089_scaffold9089_cov61	21157	22358	171.1	167
EOG091G0MVL	Duplicated	C0000009414_scaffold9414_cov60	9060	11178	185.8	167
EOG091G0MVR	Complete	C0000007578_scaffold7578_cov234	13853	24666	98.3	200
EOG091G0MY0	Complete	C0000061040_scaffold61040_cov266	15527	28857	252.8	184
EOG091G0MY8	Complete	C0000031562_scaffold31562_cov276	27535	37930	151.6	191
EOG091G0MZC	Complete	C0000107916_scaffold107916_cov169	1	5895	174.9	119
EOG091G0N0A	Missing
EOG091G0N0R	Complete	C0000011736_scaffold11736_cov55	1371	14904	122.0	168
EOG091G0N0U	Fragmented	C0000065137_scaffold65137_cov211	6928	13214	100.5	151
EOG091G0N2F	Complete	C0000004661_scaffold4661_cov266	72663	80037	181.7	125
EOG091G0N9D	Missing
EOG091G0N9Z	Missing
EOG091G0NH9	Complete	C0000007837_scaffold7837_cov283	50569	54924	278.6	168
EOG091G0NIU	Complete	C0000041888_scaffold41888_cov195	1514	5665	151.3	102
EOG091G0NIY	Complete	C0000008535_scaffold8535_cov218	12015	19681	268.5	157
EOG091G0NK3	Complete	C0000033137_scaffold33137_cov128	5261	9725	291.6	161
EOG091G0NKD	Complete	C0000020406_scaffold20406_cov265	17292	27990	199.6	190
EOG091G0NM1	Complete	C0000058578_scaffold58578_cov261	12071	20033	105.8	147
EOG091G0NMJ	Complete	C0000033608_scaffold33608_cov268	34347	44081	258.1	172
EOG091G0NNO	Complete	C0000000835_scaffold835_cov98	55645	57013	201.2	362
EOG091G0NOA	Complete	C0000110378_scaffold110378_cov253	21412	32444	173.1	145
EOG091G0NP6	Missing
EOG091G0NP7	Complete	C0000124042_scaffold124042_cov226	1	679	93.5	104
EOG091G0NQW	Missing
EOG091G0NRN	Missing
EOG091G0NTO	Missing
EOG091G0NTZ	Missing
EOG091G0NVA	Complete	C0000041715_scaffold41715_cov212	5434	13995	246.8	155
EOG091G0O40	Complete	C0000033458_scaffold33458_cov272	35799	49923	148.6	133
EOG091G0O4W	Missing
EOG091G0O5A	Complete	C0000093823_scaffold93823_cov232	23	3836	102.5	84
EOG091G0O6E	Fragmented	C0000014224_scaffold14224_cov61	6514	6933	55.9	111
EOG091G0O7O	Complete	C0000038482_scaffold38482_cov193	1036	9648	146.2	156
EOG091G0O97	Missing
EOG091G0O9D	Fragmented	C0000141937_scaffold141937_cov211	1	701	77.0	52
EOG091G0OFC	Missing
EOG091G0OHF	Fragmented	C0000040753_scaffold40753_cov186	5972	11676	169.1	93
EOG091G0OI8	Complete	C0000000107_scaffold107_cov253	132568	134286	313.8	157
EOG091G0OM4	Missing
EOG091G0ONT	Complete	C0000138014_scaffold138014_cov247	1362	4398	238.1	183
EOG091G0OPI	Complete	C0000011058_scaffold11058_cov59	9748	11334	53.8	139
EOG091G0OTI	Missing
EOG091G0OUM	Complete	C0000036903_scaffold36903_cov174	5432	15895	217.5	145
EOG091G0OWC	Missing
EOG091G0OWI	Complete	C0000022500_scaffold22500_cov266	33831	37866	178.2	171
EOG091G0OY0	Complete	C0000017584_scaffold17584_cov272	1372	1989	95.5	133
EOG091G0P4K	Missing
EOG091G0P5H	Missing
EOG091G0P5N	Complete	C0000009164_scaffold9164_cov167	52007	59908	186.1	134
EOG091G0P9B	Complete	C0000011863_scaffold11863_cov274	43013	46486	131.5	122
EOG091G0PAG	Missing
EOG091G0PD3	Missing
EOG091G0PEI	Complete	C0000004859_scaffold4859_cov262	2755	3801	272.8	126
EOG091G0PGM	Complete	C0000030257_scaffold30257_cov206	5317	11752	127.1	114
EOG091G0PHL	Missing
EOG091G0PIU	Missing
EOG091G0PL0	Missing
EOG091G0PNO	Missing
EOG091G0PNP	Complete	C0000020096_scaffold20096_cov261	19036	33477	111.7	156
EOG091G0PUZ	Fragmented	C0000029234_scaffold29234_cov283	22618	27390	134.0	81
EOG091G0PVT	Missing
EOG091G0PXB	Missing
EOG091G0Q02	Missing
EOG091G0Q05	Missing
EOG091G0Q1X	Complete	C0000008095_scaffold8095_cov279	1324	9067	145.7	97
EOG091G0Q27	Fragmented	C0000036970_scaffold36970_cov183	726	3073	69.4	116
EOG091G0Q58	Complete	C0000014569_scaffold14569_cov195	986	5502	219.7	177
EOG091G0Q7M	Complete	C0000012188_scaffold12188_cov195	11617	16706	119.7	153
EOG091G0QBN	Missing
EOG091G0QCX	Complete	C0000001746_scaffold1746_cov281	67291	73841	154.2	138
EOG091G0QE1	Missing
EOG091G0QEQ	Complete	C0000022374_scaffold22374_cov273	3553	6685	150.7	186
EOG091G0QGZ	Complete	C0000011736_scaffold11736_cov55	13395	14715	48.4	116
EOG091G0QIP	Complete	C0000054899_scaffold54899_cov258	7335	11228	181.2	136
EOG091G0QJA	Complete	C0000034918_scaffold34918_cov186	9428	10112	100.9	83
EOG091G0QKK	Complete	C0000016633_scaffold16633_cov274	79949	80656	213.3	150
EOG091G0QNR	Complete	C0000024059_scaffold24059_cov217	23207	27001	156.1	156
EOG091G0QNW	Complete	C0000000409_scaffold409_cov251	6566	12451	94.8	114
EOG091G0QPG	Missing
EOG091G0QRW	Missing
EOG091G0QS4	Complete	C0000107652_scaffold107652_cov278	9715	18370	159.0	127
EOG091G0QS6	Missing
EOG091G0QUH	Complete	C0000007957_scaffold7957_cov283	13176	14378	90.2	144
EOG091G0QW9	Missing
EOG091G0QZ2	Complete	C0000132169_scaffold132169_cov296	13	14404	136.0	98
EOG091G0R04	Fragmented	C0000010602_scaffold10602_cov214	91	1126	83.3	77
EOG091G0R0A	Complete	C0000023894_scaffold23894_cov240	7208	10404	194.0	163
EOG091G0R21	Missing
EOG091G0R3S	Complete	C0000013643_scaffold13643_cov275	48528	65586	323.2	229
EOG091G0R6Z	Missing
EOG091G0R9X	Complete	C0000107594_scaffold107594_cov165	19987	32211	176.0	143
EOG091G0RA2	Complete	C0000041858_scaffold41858_cov284	27599	34034	221.3	117
EOG091G0RCI	Complete	C0000000823_scaffold823_cov99	147711	149269	72.8	88
EOG091G0RHX	Missing
EOG091G0RI9	Missing
EOG091G0RKU	Complete	C0000014255_scaffold14255_cov171	3984	15799	112.9	112
EOG091G0RM8	Missing
EOG091G0RPE	Missing
EOG091G0RR3	Missing
EOG091G0RRA	Missing
EOG091G0RRE	Complete	C0000082801_scaffold82801_cov275	26958	35230	139.0	113
EOG091G0RRN	Complete	C0000044620_scaffold44620_cov225	40	4528	169.6	111
EOG091G0RRT	Complete	C0000000718_scaffold718_cov241	12236	21070	180.1	119
EOG091G0RT1	Missing
EOG091G0RTI	Missing
EOG091G0RTZ	Complete	C0000006002_scaffold6002_cov270	1756	4804	175.8	83
EOG091G0RVD	Complete	C0000075143_scaffold75143_cov175	8752	16171	178.2	122
EOG091G0RWI	Missing
EOG091G0RWW	Missing
EOG091G0S0I	Complete	C0000137373_scaffold137373_cov282	7980	16406	145.3	133
EOG091G0S2R	Missing
EOG091G0S5L	Complete	C0000013637_scaffold13637_cov273	42481	59830	433.5	398
EOG091G0S8Y	Complete	C0000007647_scaffold7647_cov201	7078	14226	175.7	138
EOG091G0SAU	Missing
EOG091G0SB2	Complete	C0000048562_scaffold48562_cov229	4665	12255	211.3	150
EOG091G0SBR	Complete	C0000000175_scaffold175_cov99	140911	148709	75.0	130
EOG091G0SCV	Complete	C0000008431_scaffold8431_cov279	25249	26059	66.0	89
EOG091G0SGH	Complete	C0000022151_scaffold22151_cov195	2270	12805	202.0	133
EOG091G0SGT	Missing
EOG091G0SM9	Missing
EOG091G0SNM	Missing
EOG091G0SOZ	Missing
EOG091G0SQV	Complete	C0000035099_scaffold35099_cov253	6007	12755	154.5	114
EOG091G0SRJ	Complete	C0000002147_scaffold2147_cov253	35790	38350	149.8	138
EOG091G0SRZ	Complete	C0000021963_scaffold21963_cov266	30780	39038	191.8	124
EOG091G0SU6	Missing
EOG091G0SV1	Complete	C0000005097_scaffold5097_cov199	498	11875	205.3	121
EOG091G0T3D	Missing
EOG091G0T3X	Missing
EOG091G0T5O	Duplicated	C0000041376_scaffold41376_cov153	596	6828	93.3	136
EOG091G0T5O	Duplicated	C0000108693_scaffold108693_cov176	597	6400	96.8	157
EOG091G0T79	Missing
EOG091G0TA6	Missing
EOG091G0TAC	Missing
EOG091G0TAU	Complete	C0000035513_scaffold35513_cov189	15818	18124	180.1	288
EOG091G0TCJ	Missing
EOG091G0TKH	Complete	C0000007843_scaffold7843_cov276	46352	48864	130.0	104
EOG091G0TM2	Missing
EOG091G0TN4	Complete	C0000059326_scaffold59326_cov254	7878	18825	137.8	115
EOG091G0TNU	Complete	C0000037846_scaffold37846_cov171	3946	7881	190.2	101
EOG091G0TQF	Missing
EOG091G0TRW	Complete	C0000132384_scaffold132384_cov261	932	5720	165.5	102
EOG091G0TSE	Fragmented	C0000071159_scaffold71159_cov244	1065	7335	110.8	65
EOG091G0TVG	Missing
EOG091G0TWR	Complete	C0000139354_scaffold139354_cov296	1	5205	153.1	83
EOG091G0TZ2	Missing
EOG091G0TZU	Missing
EOG091G0TZX	Missing
EOG091G0U2U	Missing
EOG091G0U3W	Complete	C0000021692_scaffold21692_cov268	2910	13791	137.3	145
EOG091G0U4B	Missing
EOG091G0U75	Complete	C0000000823_scaffold823_cov99	477216	487370	45.8	152
EOG091G0UB5	Complete	C0000042924_scaffold42924_cov132	20495	29626	184.4	110
EOG091G0UE6	Complete	C0000016705_scaffold16705_cov287	5536	8294	183.8	122
EOG091G0UKA	Missing
EOG091G0UKP	Complete	C0000110443_scaffold110443_cov137	113	3657	188.1	117
EOG091G0ULR	Complete	C0000022500_scaffold22500_cov266	35049	45804	148.5	148
EOG091G0UOM	Complete	C0000041062_scaffold41062_cov184	7976	11343	101.2	111
EOG091G0UQ0	Missing
EOG091G0UQZ	Complete	C0000110375_scaffold110375_cov269	1642	9811	192.6	125
EOG091G0UTL	Complete	C0000046399_scaffold46399_cov177	427	10965	97.2	95
EOG091G0UUT	Complete	C0000067187_scaffold67187_cov260	33996	34679	190.7	174
EOG091G0UXY	Complete	C0000022073_scaffold22073_cov271	44085	51207	151.7	153
EOG091G0UYL	Complete	C0000008515_scaffold8515_cov216	10824	16955	211.6	121
EOG091G0UZ0	Missing
EOG091G0V3C	Missing
EOG091G0VGJ	Complete	C0000036902_scaffold36902_cov225	9626	13053	165.5	96
EOG091G0VIF	Complete	C0000036418_scaffold36418_cov275	1576	7475	199.0	128
EOG091G0VMU	Missing
EOG091G0VNB	Complete	C0000024801_scaffold24801_cov260	40502	43911	183.2	95
EOG091G0VQK	Fragmented	C0000111491_scaffold111491_cov247	1	828	70.5	51
EOG091G0VSN	Complete	C0000007239_scaffold7239_cov122	3047	8244	138.6	109
EOG091G0VSZ	Complete	C0000011592_scaffold11592_cov240	73131	78742	143.0	93
EOG091G0VTN	Complete	C0000136032_scaffold136032_cov240	267	4790	153.6	119
EOG091G0VVZ	Missing
EOG091G0VWO	Missing
EOG091G0VZF	Missing
EOG091G0W0U	Complete	C0000029086_scaffold29086_cov198	2640	6345	88.3	85
EOG091G0W1S	Complete	C0000010852_scaffold10852_cov167	13755	23057	205.8	110
EOG091G0W26	Missing
EOG091G0W2D	Missing
EOG091G0W5M	Missing
EOG091G0W6G	Complete	C0000050137_scaffold50137_cov256	15018	17874	214.7	104
EOG091G0W86	Missing
EOG091G0W8V	Complete	C0000108910_scaffold108910_cov268	2176	5164	186.8	80
EOG091G0W96	Complete	C0000051301_scaffold51301_cov239	5131	9455	139.9	85
EOG091G0WAL	Fragmented	C0000133455_scaffold133455_cov275	1	3303	133.7	62
EOG091G0WCB	Complete	C0000011871_scaffold11871_cov275	716	10684	102.8	123
EOG091G0WLL	Missing
EOG091G0WPV	Complete	C0000138825_scaffold138825_cov268	1416	6265	115.0	98
EOG091G0WT4	Complete	C0000013297_scaffold13297_cov191	23054	26513	167.9	90
EOG091G0WUF	Complete	C0000024829_scaffold24829_cov254	4518	12405	87.7	55
EOG091G0WZ0	Missing
EOG091G0X1V	Missing
EOG091G0X1Z	Complete	C0000125331_scaffold125331_cov240	156	4910	141.5	78
EOG091G0X3B	Complete	C0000006917_scaffold6917_cov287	82684	90005	129.7	93
EOG091G0X8F	Complete	C0000047086_scaffold47086_cov285	12919	26682	227.6	126
EOG091G0XHF	Missing
EOG091G0XKP	Missing
EOG091G0XN1	Missing
EOG091G0XQ3	Complete	C0000027519_scaffold27519_cov172	564	4026	142.0	152
EOG091G0XRQ	Complete	C0000060788_scaffold60788_cov242	1220	6406	110.8	127
EOG091G0XVD	Complete	C0000004924_scaffold4924_cov169	21765	26288	127.5	95
EOG091G0XXE	Fragmented	C0000108363_scaffold108363_cov241	1	269	107.9	53
EOG091G0XXM	Complete	C0000064275_scaffold64275_cov149	356	6087	85.5	83
EOG091G0XYP	Complete	C0000027567_scaffold27567_cov184	11998	20575	128.1	112
EOG091G0XZC	Duplicated	C0000000823_scaffold823_cov99	369651	370389	175.1	143
EOG091G0XZC	Duplicated	C0000006775_scaffold6775_cov268	18623	28347	176.0	146
EOG091G0XZC	Duplicated	C0000009406_scaffold9406_cov59	45694	47422	160.6	142
EOG091G0Y05	Missing
EOG091G0Y09	Complete	C0000011158_scaffold11158_cov212	785	7833	162.3	118
EOG091G0Y35	Complete	C0000023523_scaffold23523_cov253	4596	6318	120.0	89
EOG091G0Y6M	Missing
EOG091G0Y96	Missing
EOG091G0YBP	Missing
EOG091G0YCT	Complete	C0000005180_scaffold5180_cov197	1486	8903	86.5	87
EOG091G0YHX	Missing
EOG091G0YK9	Missing
EOG091G0YP6	Complete	C0000034266_scaffold34266_cov259	1701	6359	132.1	87
EOG091G0YU6	Complete	C0000008969_scaffold8969_cov279	20032	22058	165.1	90
EOG091G0YUO	Missing
EOG091G0YVI	Complete	C0000003151_scaffold3151_cov223	1098	3565	219.5	115
EOG091G0YY3	Complete	C0000049996_scaffold49996_cov261	3232	7865	61.7	104
EOG091G0YYA	Complete	C0000015967_scaffold15967_cov267	9990	19311	114.4	138
EOG091G0YZ0	Complete	C0000019674_scaffold19674_cov238	12869	23468	88.0	86
EOG091G0Z43	Fragmented	C0000013346_scaffold13346_cov294	155345	161383	56.0	41
EOG091G0Z4E	Complete	C0000030614_scaffold30614_cov169	785	13900	167.6	116
EOG091G0Z6N	Complete	C0000019674_scaffold19674_cov238	15600	25993	177.3	89
EOG091G0Z6Z	Missing
EOG091G0Z7J	Complete	C0000039894_scaffold39894_cov272	7798	19926	125.6	199
EOG091G0ZDR	Fragmented	C0000134846_scaffold134846_cov233	1	1817	139.4	97
EOG091G0ZEJ	Complete	C0000016596_scaffold16596_cov178	33032	35423	97.4	126
EOG091G0ZLI	Complete	C0000031562_scaffold31562_cov276	20942	23182	164.5	76
EOG091G0ZLQ	Complete	C0000022151_scaffold22151_cov195	6705	16435	120.5	110
EOG091G0ZNH	Complete	C0000010843_scaffold10843_cov229	6480	9028	77.7	81
EOG091G0ZRG	Complete	C0000108051_scaffold108051_cov192	4864	9975	229.3	127
EOG091G0ZTA	Missing
EOG091G0ZUA	Complete	C0000108081_scaffold108081_cov216	3924	13193	150.4	100
EOG091G0ZWE	Fragmented	C0000108349_scaffold108349_cov163	8486	9125	174.0	89
EOG091G105E	Complete	C0000023546_scaffold23546_cov264	95741	99824	142.1	111
EOG091G107U	Complete	C0000002951_scaffold2951_cov255	15228	20724	146.0	78
EOG091G1081	Missing
EOG091G10CG	Complete	C0000058202_scaffold58202_cov247	902	3793	150.0	74
EOG091G10FG	Complete	C0000035674_scaffold35674_cov260	27728	35597	129.1	81
EOG091G10IX	Missing
EOG091G10MO	Complete	C0000010415_scaffold10415_cov147	5912	9667	83.0	97
EOG091G10O5	Missing
EOG091G10SA	Missing
EOG091G10SJ	Complete	C0000030593_scaffold30593_cov271	16549	31913	68.8	66
EOG091G112U	Complete	C0000010772_scaffold10772_cov263	13616	21050	138.8	89
EOG091G113O	Complete	C0000053427_scaffold53427_cov271	13597	18936	115.8	73
EOG091G1144	Complete	C0000003544_scaffold3544_cov261	51252	62023	85.3	68
EOG091G114S	Missing
EOG091G115J	Complete	C0000013185_scaffold13185_cov261	68465	82086	205.7	162
EOG091G116R	Missing
EOG091G11CG	Complete	C0000004009_scaffold4009_cov210	21425	21817	148.1	93
EOG091G11CO	Complete	C0000000823_scaffold823_cov99	102793	107481	425.8	392
EOG091G11IM	Complete	C0000033386_scaffold33386_cov275	13886	19795	114.4	110
EOG091G11O6	Complete	C0000112091_scaffold112091_cov261	2279	4975	160.0	84
EOG091G11OU	Complete	C0000012167_scaffold12167_cov216	1246	2327	138.8	105
EOG091G11PB	Missing
EOG091G11QL	Complete	C0000009590_scaffold9590_cov171	2286	7121	105.6	67
EOG091G126L	Complete	C0000089628_scaffold89628_cov257	84194	98122	151.0	89
EOG091G126R	Missing
EOG091G1285	Complete	C0000000731_scaffold731_cov278	103544	105801	87.8	72
EOG091G12A5	Missing
EOG091G1311	Complete	C0000006804_scaffold6804_cov250	33101	38030	89.4	53
EOG091G132G	Complete	C0000013185_scaffold13185_cov261	1	8245	337.7	269
EOG091G134K	Complete	C0000003308_scaffold3308_cov251	29704	33168	163.7	113
EOG091G13IJ	Complete	C0000012135_scaffold12135_cov159	1	5495	156.8	142
EOG091G13NA	Complete	C0000011717_scaffold11717_cov212	2505	4055	176.4	98
EOG091G13P1	Complete	C0000032623_scaffold32623_cov240	82926	100182	299.7	296
EOG091G13XF	Complete	C0000119270_scaffold119270_cov268	20	526	95.9	52
EOG091G141O	Missing
EOG091G1422	Complete	C0000013082_scaffold13082_cov257	59597	64585	175.3	114
EOG091G1467	Complete	C0000017650_scaffold17650_cov252	1	8202	148.9	121
EOG091G146E	Complete	C0000000726_scaffold726_cov265	3848	11754	51.0	55
EOG091G14DH	Fragmented	C0000000408_scaffold408_cov99	304110	304364	49.7	73
EOG091G1549	Missing
EOG091G15HS	Complete	C0000107662_scaffold107662_cov256	1996	8995	176.9	160
EOG091G15HV	Complete	C0000000361_scaffold361_cov279	92899	103542	87.2	84
EOG091G15KV	Missing
EOG091G15N9	Complete	C0000010575_scaffold10575_cov58	15218	15520	53.0	77
EOG091G15XS	Complete	C0000001786_scaffold1786_cov210	23923	31646	97.1	65
EOG091G15XZ	Fragmented	C0000008391_scaffold8391_cov177	12827	19025	113.8	68
EOG091G167Y	Complete	C0000005413_scaffold5413_cov279	10861	16309	99.8	88
EOG091G16EY	Complete	C0000127794_scaffold127794_cov233	748	4248	110.5	97
EOG091G1757	Missing
EOG091G17I3	Fragmented	C0000027052_scaffold27052_cov62	10979	11224	85.8	71
EOG091G17J4	Complete	C0000108004_scaffold108004_cov273	29414	31908	113.7	75
EOG091G17K3	Complete	C0000014148_scaffold14148_cov259	120564	125207	92.3	58
EOG091G1817	Complete	C0000112762_scaffold112762_cov268	1	6405	117.7	266
EOG091G184V	Complete	C0000020653_scaffold20653_cov291	15985	22206	90.4	117
EOG091G18B1	Missing
EOG091G18BK	Complete	C0000031719_scaffold31719_cov267	40775	51219	75.8	101
EOG091G18YA	Missing
EOG091G18Z5	Missing
EOG091G197A	Complete	C0000014107_scaffold14107_cov260	24877	28339	178.1	100
EOG091G19WY	Complete	C0000012058_scaffold12058_cov293	11399	19300	131.3	93
EOG091G19Y2	Missing
EOG091G1A1V	Missing
EOG091G1A3H	Complete	C0000053134_scaffold53134_cov254	1	2428	160.1	194
EOG091G1AP6	Complete	C0000000731_scaffold731_cov278	105820	109040	171.4	125
EOG091G1BQN	Missing
EOG091G1CLN	Complete	C0000133510_scaffold133510_cov289	1546	3335	72.4	38
