# BUSCO version is: 2.0.1 
# The lineage dataset is: metazoa_odb9 (Creation date: 2016-02-13, number of species: 65, number of BUSCOs: 978)
# To reproduce this run: python /home/deepseq/tool/BUSCO_v2.0.1/BUSCO.py -i Aala.06.genome.fa.ca -o 201804220539-RUS34JZL6MFY7YM5_Aala.genome06.BUSCO -l /home/deepseq/tool/BUSCO_v2.0.1/metazoa_odb9/ -m genome -c 32 -sp fly
#
# Busco id	Status	Contig	Start	End	Score	Length
EOG091G00AH	Missing
EOG091G00CM	Missing
EOG091G00GM	Missing
EOG091G00GQ	Fragmented	C0000051672_Aala.05.051667	12460	14341	145.3	135
EOG091G00L0	Fragmented	C0000314055_Aala.05.314065	7231	9411	193.7	146
EOG091G00MA	Fragmented	C0000308474_Aala.05.308484	4985	11135	23.4	46
EOG091G00MI	Complete	C0000028938_Aala.05.028936	6752	7696	162.7	179
EOG091G00Q0	Fragmented	C0000156027_Aala.05.156018	1	12708	704.5	348
EOG091G00QT	Fragmented	C0000301149_Aala.05.301159	1296	2566	136.8	75
EOG091G00UD	Complete	C0000035687_Aala.05.035683	149	7611	169.6	290
EOG091G00VZ	Fragmented	C0000085456_Aala.05.085449	2178	4574	54.6	45
EOG091G00Z3	Missing
EOG091G011X	Fragmented	C0000120205_Aala.05.120197	561	11612	219.5	200
EOG091G017G	Missing
EOG091G017T	Missing
EOG091G019V	Missing
EOG091G01EW	Complete	C0000293652_Aala.05.293662	15500	21817	223.8	367
EOG091G01GC	Missing
EOG091G01IW	Missing
EOG091G01LC	Complete	C0000055387_Aala.05.055381	1	1977	296.1	236
EOG091G01MK	Fragmented	C0000175516_Aala.05.175505	1	8037	322.5	217
EOG091G01S9	Missing
EOG091G01TH	Fragmented	C0000310122_Aala.05.310132	6176	12765	42.2	51
EOG091G01TX	Missing
EOG091G01VH	Missing
EOG091G01WY	Complete	C0000090724_Aala.05.090716	2262	3630	81.1	235
EOG091G01XD	Missing
EOG091G01XI	Missing
EOG091G01XQ	Missing
EOG091G01Z2	Missing
EOG091G020E	Missing
EOG091G020Y	Missing
EOG091G023Z	Missing
EOG091G024J	Missing
EOG091G025T	Fragmented	C0000023166_Aala.05.023165	959	6719	101.9	113
EOG091G0262	Missing
EOG091G026F	Missing
EOG091G026I	Missing
EOG091G027G	Fragmented	C0000173524_Aala.05.173513	14010	21991	144.4	101
EOG091G028G	Fragmented	C0000063872_Aala.05.063866	1011	2315	58.2	98
EOG091G0291	Missing
EOG091G029K	Missing
EOG091G02B4	Missing
EOG091G02BK	Missing
EOG091G02C8	Missing
EOG091G02E4	Complete	C0000030386_Aala.05.030384	582	1694	108.5	278
EOG091G02FR	Complete	C0000156545_Aala.05.156536	1	13445	381.8	385
EOG091G02HY	Missing
EOG091G02IP	Complete	C0000300168_Aala.05.300178	1	3165	109.3	299
EOG091G02LY	Missing
EOG091G02MR	Fragmented	C0000052149_Aala.05.052144	1539	2706	108.0	63
EOG091G02NH	Complete	C0000009058_Aala.05.009057	6038	21645	212.0	248
EOG091G02NO	Missing
EOG091G02O5	Missing
EOG091G02O6	Complete	C0000008371_Aala.05.008370	12493	20669	85.8	155
EOG091G02OE	Missing
EOG091G02P2	Missing
EOG091G02UC	Fragmented	C0000175539_Aala.05.175528	4928	6464	52.6	62
EOG091G02V5	Missing
EOG091G02VO	Complete	C0000005566_Aala.05.005565	1	18427	220.0	245
EOG091G02WU	Complete	C0000002170_Aala.05.002169	13525	16065	542.7	480
EOG091G02ZI	Missing
EOG091G0307	Fragmented	C0000152963_Aala.05.152954	1	13999	291.8	367
EOG091G031X	Missing
EOG091G0321	Missing
EOG091G0349	Missing
EOG091G036A	Complete	C0000308452_Aala.05.308462	10161	15506	282.4	546
EOG091G036C	Complete	C0000072702_Aala.05.072695	18	13513	383.0	311
EOG091G036T	Fragmented	C0000014865_Aala.05.014864	6710	7559	57.8	66
EOG091G038T	Missing
EOG091G038X	Missing
EOG091G03AN	Fragmented	C0000314733_Aala.05.314743	1	6377	126.1	141
EOG091G03B9	Missing
EOG091G03BV	Missing
EOG091G03C0	Missing
EOG091G03C7	Fragmented	C0000112390_Aala.05.112382	1	1122	61.3	51
EOG091G03D7	Fragmented	C0000293317_Aala.05.293327	3008	10530	93.4	88
EOG091G03DT	Complete	C0000038713_Aala.05.038709	1899	3395	466.6	340
EOG091G03FL	Complete	C0000160143_Aala.05.160133	1171	13055	658.8	540
EOG091G03G3	Complete	C0000131547_Aala.05.131539	2636	4541	286.9	222
EOG091G03H4	Fragmented	C0000295375_Aala.05.295385	1765	2848	36.5	36
EOG091G03I1	Missing
EOG091G03JF	Missing
EOG091G03JG	Missing
EOG091G03JX	Missing
EOG091G03LI	Complete	C0000050139_Aala.05.050134	1	2135	696.0	520
EOG091G03M4	Complete	C0000051551_Aala.05.051546	13617	17929	451.9	436
EOG091G03O0	Missing
EOG091G03OT	Missing
EOG091G03P0	Fragmented	C0000175275_Aala.05.175264	2462	7915	80.8	64
EOG091G03PD	Missing
EOG091G03QC	Missing
EOG091G03RW	Fragmented	C0000156483_Aala.05.156474	1618	9170	136.6	145
EOG091G03SE	Missing
EOG091G03TX	Missing
EOG091G03TZ	Missing
EOG091G03X8	Missing
EOG091G03XO	Missing
EOG091G03XS	Missing
EOG091G03Y8	Fragmented	C0000155156_Aala.05.155147	5234	6995	88.3	60
EOG091G03Z1	Missing
EOG091G03ZS	Missing
EOG091G040D	Missing
EOG091G040G	Missing
EOG091G040L	Missing
EOG091G046H	Missing
EOG091G046Y	Missing
EOG091G048B	Missing
EOG091G0495	Missing
EOG091G049W	Fragmented	C0000316131_Aala.05.316141	1	319	37.6	29
EOG091G04CK	Complete	C0000043450_Aala.05.043445	4447	24083	691.5	471
EOG091G04D1	Missing
EOG091G04EX	Fragmented	C0000314043_Aala.05.314053	1	7256	133.5	117
EOG091G04FV	Missing
EOG091G04GK	Fragmented	C0000093153_Aala.05.093145	1	2720	36.9	45
EOG091G04GW	Missing
EOG091G04IK	Missing
EOG091G04JK	Complete	C0000049321_Aala.05.049316	2648	4033	188.9	403
EOG091G04LC	Missing
EOG091G04MA	Missing
EOG091G04RS	Fragmented	C0000030209_Aala.05.030207	135	10378	82.1	70
EOG091G04WH	Missing
EOG091G050A	Complete	C0000244883_Aala.05.244878	1867	3305	185.4	183
EOG091G050Q	Complete	C0000157486_Aala.05.157477	2393	14325	525.9	266
EOG091G0525	Missing
EOG091G0530	Missing
EOG091G053A	Missing
EOG091G053D	Complete	C0000091221_Aala.05.091213	1	4906	282.9	245
EOG091G053R	Missing
EOG091G054P	Missing
EOG091G0554	Missing
EOG091G057L	Fragmented	C0000101442_Aala.05.101434	1	1808	191.3	150
EOG091G059G	Complete	C0000328391_Aala.05.328400	441	5386	405.0	320
EOG091G05AA	Fragmented	C0000090068_Aala.05.090060	3242	6970	99.4	62
EOG091G05AH	Missing
EOG091G05CI	Missing
EOG091G05D7	Fragmented	C0000137794_Aala.05.137786	949	2031	146.0	101
EOG091G05EU	Missing
EOG091G05FE	Complete	C0000092034_Aala.05.092026	4488	6313	338.8	269
EOG091G05GZ	Fragmented	C0000309490_Aala.05.309500	1	7057	98.9	72
EOG091G05IH	Missing
EOG091G05IK	Missing
EOG091G05K5	Missing
EOG091G05K7	Missing
EOG091G05KR	Fragmented	C0000025223_Aala.05.025222	855	5168	164.6	103
EOG091G05LX	Complete	C0000049282_Aala.05.049277	2206	6616	92.6	203
EOG091G05N4	Complete	C0000152146_Aala.05.152137	1	7234	103.7	171
EOG091G05NK	Complete	C0000158749_Aala.05.158739	1444	23975	182.1	355
EOG091G05NZ	Complete	C0000148696_Aala.05.148687	10019	11653	244.9	592
EOG091G05OR	Missing
EOG091G05OW	Missing
EOG091G05Q0	Missing
EOG091G05Q6	Missing
EOG091G05RA	Complete	C0000032540_Aala.05.032537	1502	5213	188.7	176
EOG091G05SE	Fragmented	C0000291273_Aala.05.291283	3806	14416	185.7	127
EOG091G05T4	Complete	C0000004834_Aala.05.004833	8742	10287	149.8	232
EOG091G05TG	Missing
EOG091G05UF	Missing
EOG091G05X1	Missing
EOG091G05XY	Missing
EOG091G05YC	Missing
EOG091G05ZE	Fragmented	C0000149893_Aala.05.149884	9090	13524	91.4	71
EOG091G05ZJ	Missing
EOG091G060D	Missing
EOG091G0627	Missing
EOG091G0628	Fragmented	C0000145719_Aala.05.145710	2034	8704	188.3	149
EOG091G062X	Missing
EOG091G065D	Missing
EOG091G066W	Complete	C0000063162_Aala.05.063156	2516	4939	156.9	230
EOG091G069C	Missing
EOG091G06CB	Fragmented	C0000039978_Aala.05.039974	1	11904	291.0	231
EOG091G06DH	Missing
EOG091G06EF	Missing
EOG091G06HP	Missing
EOG091G06I3	Fragmented	C0000156990_Aala.05.156981	3034	4153	217.9	172
EOG091G06I8	Missing
EOG091G06J6	Complete	C0000003956_Aala.05.003955	2011	9923	123.5	154
EOG091G06JJ	Missing
EOG091G06LW	Complete	C0000031622_Aala.05.031619	649	18480	389.3	347
EOG091G06M8	Missing
EOG091G06MR	Missing
EOG091G06OM	Missing
EOG091G06ON	Missing
EOG091G06OP	Missing
EOG091G06P4	Missing
EOG091G06QP	Missing
EOG091G06S3	Fragmented	C0000148519_Aala.05.148510	3416	6445	83.1	54
EOG091G06U0	Duplicated	C0000119628_Aala.05.119620	56	3509	680.0	392
EOG091G06U0	Duplicated	C0000155729_Aala.05.155720	422	2775	680.0	392
EOG091G06XK	Complete	C0000029470_Aala.05.029468	689	2328	260.5	291
EOG091G06Y3	Missing
EOG091G06Y7	Fragmented	C0000118054_Aala.05.118046	1725	4143	338.3	217
EOG091G06YD	Complete	C0000292525_Aala.05.292535	1611	2867	269.2	289
EOG091G0703	Fragmented	C0000010570_Aala.05.010569	1	20059	81.1	104
EOG091G073F	Missing
EOG091G074G	Fragmented	C0000070272_Aala.05.070265	1	629	96.8	56
EOG091G074J	Missing
EOG091G074U	Fragmented	C0000321244_Aala.05.321254	1	9542	95.9	106
EOG091G075F	Missing
EOG091G075K	Missing
EOG091G0769	Missing
EOG091G0781	Missing
EOG091G078D	Fragmented	C0000166937_Aala.05.166927	1	5107	73.5	131
EOG091G079R	Missing
EOG091G07CE	Missing
EOG091G07D9	Missing
EOG091G07DR	Missing
EOG091G07EJ	Missing
EOG091G07FP	Missing
EOG091G07IK	Missing
EOG091G07IY	Missing
EOG091G07KC	Missing
EOG091G07KL	Complete	C0000109233_Aala.05.109225	1472	7450	81.2	244
EOG091G07N5	Fragmented	C0000051070_Aala.05.051065	509	946	89.2	105
EOG091G07N8	Missing
EOG091G07NJ	Missing
EOG091G07OD	Complete	C0000006498_Aala.05.006497	9492	22410	316.2	220
EOG091G07PH	Missing
EOG091G07PR	Missing
EOG091G07PV	Complete	C0000311297_Aala.05.311307	103	11129	673.6	439
EOG091G07Q3	Missing
EOG091G07QN	Missing
EOG091G07S9	Fragmented	C0000011373_Aala.05.011372	3685	4975	125.8	102
EOG091G07VQ	Complete	C0000121123_Aala.05.121115	2265	5198	146.0	179
EOG091G07Z0	Fragmented	C0000121903_Aala.05.121895	1	4472	117.1	139
EOG091G07Z1	Missing
EOG091G07Z5	Missing
EOG091G0803	Complete	C0000109083_Aala.05.109075	466	3440	561.9	378
EOG091G0814	Missing
EOG091G081C	Fragmented	C0000302276_Aala.05.302286	1679	5349	103.0	102
EOG091G081H	Missing
EOG091G085U	Missing
EOG091G087E	Missing
EOG091G088L	Missing
EOG091G089T	Complete	C0000085468_Aala.05.085461	1	1747	241.6	216
EOG091G08BK	Complete	C0000320693_Aala.05.320703	1266	9917	510.3	413
EOG091G08D1	Fragmented	C0000312207_Aala.05.312217	1	9134	48.5	106
EOG091G08DN	Complete	C0000174821_Aala.05.174810	1076	2960	473.5	330
EOG091G08FX	Missing
EOG091G08IJ	Missing
EOG091G08JE	Missing
EOG091G08JG	Missing
EOG091G08L8	Missing
EOG091G08LT	Missing
EOG091G08NN	Fragmented	C0000039865_Aala.05.039861	1	13516	115.5	78
EOG091G08O3	Fragmented	C0000336805_Aala.05.336818	682	3848	226.9	163
EOG091G08PW	Fragmented	C0000171609_Aala.05.171598	555	4023	67.8	85
EOG091G08R8	Complete	C0000007383_Aala.05.007382	5159	28593	293.1	314
EOG091G08RU	Fragmented	C0000318181_Aala.05.318191	1	1141	57.6	39
EOG091G08SM	Fragmented	C0000083519_Aala.05.083512	976	4443	122.6	71
EOG091G08UU	Missing
EOG091G08V8	Missing
EOG091G08VB	Missing
EOG091G08Y9	Missing
EOG091G08ZG	Missing
EOG091G08ZR	Missing
EOG091G090D	Missing
EOG091G095O	Fragmented	C0000327773_Aala.05.327782	1	1951	134.1	168
EOG091G096V	Missing
EOG091G0977	Missing
EOG091G0990	Fragmented	C0000071435_Aala.05.071428	1	2911	74.5	72
EOG091G099D	Missing
EOG091G09BP	Missing
EOG091G09D8	Missing
EOG091G09FV	Missing
EOG091G09GA	Fragmented	C0000102650_Aala.05.102642	1	1696	78.0	120
EOG091G09GO	Missing
EOG091G09HG	Complete	C0000107267_Aala.05.107259	1202	5269	163.4	326
EOG091G09HR	Missing
EOG091G09IW	Complete	C0000051302_Aala.05.051297	461	2295	162.3	296
EOG091G09J7	Missing
EOG091G09KI	Fragmented	C0000058315_Aala.05.058309	1100	1309	68.9	45
EOG091G09KK	Complete	C0000042660_Aala.05.042655	334	30375	404.0	328
EOG091G09KX	Duplicated	C0000108897_Aala.05.108889	1	1845	363.3	233
EOG091G09KX	Duplicated	C0000159556_Aala.05.159546	8776	13789	362.3	233
EOG091G09L6	Missing
EOG091G09MD	Missing
EOG091G09MU	Missing
EOG091G09O7	Complete	C0000145621_Aala.05.145612	3597	5045	146.3	237
EOG091G09Q2	Fragmented	C0000016241_Aala.05.016240	5861	6546	63.2	122
EOG091G09QO	Missing
EOG091G09R0	Missing
EOG091G09RJ	Fragmented	C0000309615_Aala.05.309625	9346	13787	97.8	70
EOG091G09SS	Complete	C0000044743_Aala.05.044738	11562	12698	259.9	248
EOG091G09T3	Missing
EOG091G09T6	Fragmented	C0000072152_Aala.05.072145	2423	7035	56.1	64
EOG091G09U9	Fragmented	C0000295160_Aala.05.295170	4397	8615	194.8	100
EOG091G09UA	Missing
EOG091G09UB	Missing
EOG091G09V2	Fragmented	C0000160527_Aala.05.160517	4435	7117	44.9	32
EOG091G09YB	Missing
EOG091G0A0M	Missing
EOG091G0A19	Fragmented	C0000011036_Aala.05.011035	670	6333	99.4	76
EOG091G0A27	Missing
EOG091G0A2I	Missing
EOG091G0A2L	Complete	C0000107477_Aala.05.107469	1	2956	97.8	244
EOG091G0A5N	Complete	C0000147682_Aala.05.147673	1214	27565	636.8	385
EOG091G0A79	Missing
EOG091G0A98	Complete	C0000011952_Aala.05.011951	1	26115	242.0	283
EOG091G0AE2	Fragmented	C0000063900_Aala.05.063894	744	1540	192.9	132
EOG091G0AE9	Complete	C0000050580_Aala.05.050575	140	1852	283.3	208
EOG091G0AEH	Complete	C0000025042_Aala.05.025041	1	7148	175.4	128
EOG091G0AEL	Fragmented	C0000085147_Aala.05.085140	775	5018	119.4	75
EOG091G0AFP	Complete	C0000011999_Aala.05.011998	49	11350	275.0	153
EOG091G0AGM	Fragmented	C0000042373_Aala.05.042368	264	1122	168.7	137
EOG091G0AGT	Missing
EOG091G0AHJ	Complete	C0000150272_Aala.05.150263	7328	8092	377.9	214
EOG091G0AI5	Missing
EOG091G0AJ6	Missing
EOG091G0AKM	Missing
EOG091G0AKW	Complete	C0000062709_Aala.05.062703	776	17729	480.4	329
EOG091G0AO6	Missing
EOG091G0AOO	Fragmented	C0000020054_Aala.05.020053	2857	3330	142.6	124
EOG091G0AQA	Complete	C0000021926_Aala.05.021925	1209	14488	267.4	296
EOG091G0ARE	Fragmented	C0000099103_Aala.05.099095	1	2062	104.2	163
EOG091G0ARL	Missing
EOG091G0AU6	Complete	C0000292525_Aala.05.292535	3076	9876	300.3	234
EOG091G0AVA	Missing
EOG091G0AVP	Missing
EOG091G0AVW	Missing
EOG091G0AX1	Missing
EOG091G0AYM	Complete	C0000291727_Aala.05.291737	11050	18565	284.0	283
EOG091G0AZ7	Fragmented	C0000327660_Aala.05.327669	13152	13733	75.2	110
EOG091G0AZV	Complete	C0000071836_Aala.05.071829	1	4055	169.6	156
EOG091G0B27	Missing
EOG091G0B2N	Missing
EOG091G0B9B	Missing
EOG091G0B9T	Missing
EOG091G0BAG	Fragmented	C0000155782_Aala.05.155773	2781	3524	56.0	39
EOG091G0BAM	Missing
EOG091G0BBO	Missing
EOG091G0BCO	Duplicated	C0000026515_Aala.05.026514	5656	7131	260.3	232
EOG091G0BCO	Duplicated	C0000040209_Aala.05.040205	301	5525	261.2	225
EOG091G0BDT	Complete	C0000148580_Aala.05.148571	220	2025	323.8	210
EOG091G0BED	Complete	C0000048890_Aala.05.048885	3280	11335	291.4	311
EOG091G0BG4	Complete	C0000039093_Aala.05.039089	946	3940	272.8	245
EOG091G0BHP	Missing
EOG091G0BHV	Missing
EOG091G0BKI	Missing
EOG091G0BKR	Complete	C0000035952_Aala.05.035948	4807	5876	459.2	287
EOG091G0BKX	Missing
EOG091G0BKZ	Fragmented	C0000022721_Aala.05.022720	1159	3575	44.5	63
EOG091G0BL9	Missing
EOG091G0BN4	Complete	C0000039562_Aala.05.039558	4537	10930	108.0	221
EOG091G0BNI	Complete	C0000078242_Aala.05.078235	22	16140	291.6	255
EOG091G0BPU	Missing
EOG091G0BPX	Missing
EOG091G0BQF	Missing
EOG091G0BTX	Missing
EOG091G0BUD	Complete	C0000097609_Aala.05.097601	5356	6905	48.4	97
EOG091G0BUH	Complete	C0000006991_Aala.05.006990	178	12543	260.9	200
EOG091G0BWJ	Missing
EOG091G0BX3	Fragmented	C0000049828_Aala.05.049823	1539	4960	101.9	71
EOG091G0C2M	Fragmented	C0000099266_Aala.05.099258	1	1910	174.8	157
EOG091G0C2Z	Complete	C0000319774_Aala.05.319784	56	5872	238.6	195
EOG091G0C6I	Missing
EOG091G0C7Y	Missing
EOG091G0C84	Missing
EOG091G0C8H	Missing
EOG091G0C9Y	Missing
EOG091G0CAR	Missing
EOG091G0CEG	Complete	C0000109963_Aala.05.109955	1	1220	234.4	223
EOG091G0CEK	Missing
EOG091G0CEW	Missing
EOG091G0CF7	Missing
EOG091G0CFP	Fragmented	C0000065255_Aala.05.065249	1143	2703	84.0	71
EOG091G0CGO	Missing
EOG091G0CH6	Fragmented	C0000031645_Aala.05.031642	2495	3100	257.0	174
EOG091G0CID	Complete	C0000030337_Aala.05.030335	177	2693	403.6	316
EOG091G0CLR	Complete	C0000022815_Aala.05.022814	25935	27196	302.8	299
EOG091G0CMN	Missing
EOG091G0CNT	Complete	C0000015316_Aala.05.015315	11399	20836	194.2	170
EOG091G0COC	Missing
EOG091G0CQ2	Fragmented	C0000320816_Aala.05.320826	2149	6527	61.7	72
EOG091G0CR4	Missing
EOG091G0CSZ	Missing
EOG091G0CTG	Complete	C0000292420_Aala.05.292430	1490	10265	246.6	171
EOG091G0CTU	Complete	C0000302351_Aala.05.302361	8639	9613	327.5	268
EOG091G0CW2	Missing
EOG091G0CXE	Complete	C0000030019_Aala.05.030017	10358	11273	114.4	126
EOG091G0CZX	Missing
EOG091G0D04	Missing
EOG091G0D0D	Missing
EOG091G0D0W	Complete	C0000308982_Aala.05.308992	1	36175	183.9	189
EOG091G0D26	Missing
EOG091G0D4N	Missing
EOG091G0D7V	Missing
EOG091G0D8I	Fragmented	C0000058371_Aala.05.058365	749	1372	164.2	91
EOG091G0D8N	Complete	C0000014792_Aala.05.014791	1	2029	297.0	265
EOG091G0DBF	Missing
EOG091G0DLW	Complete	C0000121057_Aala.05.121049	922	5515	281.8	323
EOG091G0DND	Missing
EOG091G0DPL	Missing
EOG091G0DQ3	Complete	C0000309813_Aala.05.309823	1	13535	155.9	106
EOG091G0DQS	Fragmented	C0000172701_Aala.05.172690	1085	2394	69.1	118
EOG091G0DQT	Fragmented	C0000053733_Aala.05.053727	3272	6136	258.1	199
EOG091G0DRZ	Missing
EOG091G0DTB	Missing
EOG091G0DTD	Missing
EOG091G0DTE	Missing
EOG091G0DTP	Missing
EOG091G0DUX	Fragmented	C0000328390_Aala.05.328399	1	4082	75.1	95
EOG091G0DVQ	Missing
EOG091G0DWW	Missing
EOG091G0DXC	Missing
EOG091G0DXE	Complete	C0000093111_Aala.05.093103	758	1453	48.9	213
EOG091G0DXP	Missing
EOG091G0DXV	Missing
EOG091G0DYU	Missing
EOG091G0DYW	Missing
EOG091G0E06	Complete	C0000318312_Aala.05.318322	10658	28525	249.4	184
EOG091G0E11	Fragmented	C0000315919_Aala.05.315929	9145	9644	50.7	47
EOG091G0E2R	Missing
EOG091G0E2X	Missing
EOG091G0E3F	Missing
EOG091G0E3V	Missing
EOG091G0E5O	Missing
EOG091G0E5P	Complete	C0000164276_Aala.05.164266	936	7995	226.7	179
EOG091G0E7S	Missing
EOG091G0E8J	Fragmented	C0000009137_Aala.05.009136	3009	8051	65.9	76
EOG091G0EA2	Missing
EOG091G0EAF	Missing
EOG091G0EBA	Missing
EOG091G0EH8	Missing
EOG091G0EHF	Missing
EOG091G0EHY	Missing
EOG091G0EHZ	Complete	C0000021850_Aala.05.021849	577	14635	315.0	217
EOG091G0EKA	Missing
EOG091G0ELO	Fragmented	C0000106564_Aala.05.106556	1	2379	73.4	65
EOG091G0ELS	Missing
EOG091G0EM6	Missing
EOG091G0EMF	Missing
EOG091G0EO4	Complete	C0000149802_Aala.05.149793	26693	31733	108.7	190
EOG091G0EQR	Missing
EOG091G0ER1	Missing
EOG091G0ERU	Missing
EOG091G0ES6	Complete	C0000040874_Aala.05.040869	516	11891	205.7	186
EOG091G0EUU	Missing
EOG091G0EVK	Complete	C0000040005_Aala.05.040001	1944	2501	311.7	174
EOG091G0EZ8	Complete	C0000163111_Aala.05.163101	1	11155	177.5	179
EOG091G0EZO	Missing
EOG091G0F0I	Missing
EOG091G0F70	Fragmented	C0000117802_Aala.05.117794	1396	1905	48.9	95
EOG091G0F93	Missing
EOG091G0FAM	Fragmented	C0000012958_Aala.05.012957	2792	3768	247.4	125
EOG091G0FH3	Missing
EOG091G0FIJ	Missing
EOG091G0FJB	Missing
EOG091G0FOR	Fragmented	C0000025623_Aala.05.025622	1	1195	48.2	78
EOG091G0FPM	Fragmented	C0000150414_Aala.05.150405	11319	13005	86.6	126
EOG091G0FPV	Fragmented	C0000097183_Aala.05.097175	908	1300	123.0	101
EOG091G0FQ2	Missing
EOG091G0FS8	Missing
EOG091G0FSK	Missing
EOG091G0FTU	Missing
EOG091G0FWS	Fragmented	C0000043524_Aala.05.043519	11231	22721	110.7	73
EOG091G0FXV	Missing
EOG091G0FYA	Missing
EOG091G0FYY	Complete	C0000175040_Aala.05.175029	2181	22545	171.7	167
EOG091G0FZN	Missing
EOG091G0G1G	Missing
EOG091G0G3M	Missing
EOG091G0G46	Fragmented	C0000035300_Aala.05.035296	2507	3289	150.7	131
EOG091G0G58	Missing
EOG091G0G6C	Missing
EOG091G0G6Z	Complete	C0000033517_Aala.05.033514	6	5688	149.1	211
EOG091G0G71	Missing
EOG091G0G88	Missing
EOG091G0G8R	Missing
EOG091G0G8S	Complete	C0000060638_Aala.05.060632	1554	3093	161.8	213
EOG091G0GA7	Missing
EOG091G0GA8	Missing
EOG091G0GBB	Missing
EOG091G0GD0	Missing
EOG091G0GDF	Missing
EOG091G0GI9	Missing
EOG091G0GIC	Complete	C0000314932_Aala.05.314942	11803	12705	215.5	204
EOG091G0GKH	Complete	C0000055740_Aala.05.055734	121	786	143.1	154
EOG091G0GKX	Fragmented	C0000034672_Aala.05.034668	646	2208	124.7	118
EOG091G0GMC	Missing
EOG091G0GN7	Complete	C0000101885_Aala.05.101877	1850	2965	476.8	316
EOG091G0GOU	Complete	C0000022153_Aala.05.022152	1	11465	292.1	210
EOG091G0GQO	Missing
EOG091G0GUK	Missing
EOG091G0GVZ	Missing
EOG091G0GWF	Fragmented	C0000083506_Aala.05.083499	1931	11001	350.6	213
EOG091G0GWO	Complete	C0000172072_Aala.05.172061	1118	19563	244.9	197
EOG091G0GY1	Fragmented	C0000090092_Aala.05.090084	1	3834	81.2	70
EOG091G0GZ4	Missing
EOG091G0H07	Complete	C0000072721_Aala.05.072714	126	3050	253.5	197
EOG091G0H0S	Missing
EOG091G0H14	Missing
EOG091G0H3D	Missing
EOG091G0H3U	Missing
EOG091G0H5Q	Missing
EOG091G0H62	Fragmented	C0000320914_Aala.05.320924	5766	7031	89.2	125
EOG091G0H64	Fragmented	C0000164322_Aala.05.164312	1	311	117.8	90
EOG091G0H6A	Missing
EOG091G0H6J	Missing
EOG091G0H8F	Missing
EOG091G0HAI	Missing
EOG091G0HAT	Missing
EOG091G0HBC	Missing
EOG091G0HC5	Missing
EOG091G0HDF	Missing
EOG091G0HJH	Missing
EOG091G0HML	Missing
EOG091G0HMT	Missing
EOG091G0HOK	Missing
EOG091G0HP9	Complete	C0000315426_Aala.05.315436	455	6727	154.0	176
EOG091G0HQ3	Missing
EOG091G0HS4	Missing
EOG091G0HS8	Missing
EOG091G0HSB	Complete	C0000152959_Aala.05.152950	2036	7614	301.6	205
EOG091G0HT4	Missing
EOG091G0HTU	Missing
EOG091G0HXI	Fragmented	C0000043144_Aala.05.043139	1693	3931	106.9	60
EOG091G0HXJ	Complete	C0000293411_Aala.05.293421	1816	3474	244.4	216
EOG091G0HYF	Missing
EOG091G0HZK	Missing
EOG091G0I1O	Missing
EOG091G0I2X	Missing
EOG091G0I2Z	Fragmented	C0000003886_Aala.05.003885	6996	10950	60.7	45
EOG091G0I5H	Missing
EOG091G0I7M	Missing
EOG091G0I85	Missing
EOG091G0I8J	Missing
EOG091G0ID9	Complete	C0000017965_Aala.05.017964	96	7400	337.7	233
EOG091G0IDE	Missing
EOG091G0IDG	Missing
EOG091G0IDP	Missing
EOG091G0IDS	Missing
EOG091G0IF3	Missing
EOG091G0IGG	Missing
EOG091G0IHL	Missing
EOG091G0II3	Missing
EOG091G0ILG	Fragmented	C0000110315_Aala.05.110307	1693	4268	45.7	27
EOG091G0ILS	Complete	C0000119931_Aala.05.119923	1	6241	188.9	123
EOG091G0IMB	Complete	C0000028224_Aala.05.028222	1056	10729	91.7	118
EOG091G0IMD	Missing
EOG091G0IMI	Missing
EOG091G0IQ7	Fragmented	C0000318820_Aala.05.318830	19412	19932	45.9	45
EOG091G0IQD	Missing
EOG091G0IRO	Missing
EOG091G0IS6	Missing
EOG091G0ITS	Missing
EOG091G0IUT	Missing
EOG091G0IVB	Missing
EOG091G0IWR	Missing
EOG091G0IX8	Missing
EOG091G0IXA	Missing
EOG091G0IXT	Missing
EOG091G0IXY	Fragmented	C0000082135_Aala.05.082128	217	699	97.5	131
EOG091G0IYB	Fragmented	C0000156027_Aala.05.156018	1	12708	107.0	141
EOG091G0IZD	Missing
EOG091G0IZX	Missing
EOG091G0J09	Fragmented	C0000040010_Aala.05.040006	2239	7822	108.6	67
EOG091G0J14	Fragmented	C0000205533_Aala.05.205522	6759	14717	28.5	50
EOG091G0J2W	Missing
EOG091G0J56	Complete	C0000109607_Aala.05.109599	3521	4480	183.5	263
EOG091G0J61	Missing
EOG091G0J69	Missing
EOG091G0J7A	Fragmented	C0000045705_Aala.05.045700	1	4483	23.5	29
EOG091G0J98	Missing
EOG091G0JBM	Missing
EOG091G0JBZ	Missing
EOG091G0JC7	Missing
EOG091G0JEC	Missing
EOG091G0JGU	Fragmented	C0000052549_Aala.05.052544	15	5211	85.0	115
EOG091G0JHN	Missing
EOG091G0JHQ	Missing
EOG091G0JI0	Missing
EOG091G0JI1	Missing
EOG091G0JIA	Missing
EOG091G0JMY	Missing
EOG091G0JTG	Fragmented	C0000017331_Aala.05.017330	756	3839	37.9	64
EOG091G0JTR	Missing
EOG091G0JU7	Fragmented	C0000152734_Aala.05.152725	6336	16325	31.7	27
EOG091G0JUY	Complete	C0000308491_Aala.05.308501	9152	28465	353.0	185
EOG091G0JWC	Duplicated	C0000023766_Aala.05.023765	2376	12208	218.4	166
EOG091G0JWC	Duplicated	C0000119676_Aala.05.119668	1237	3095	218.2	165
EOG091G0JWK	Complete	C0000132822_Aala.05.132814	564	3400	103.8	126
EOG091G0JYQ	Fragmented	C0000130968_Aala.05.130960	2677	5482	146.3	84
EOG091G0JZV	Fragmented	C0000315574_Aala.05.315584	4089	4841	40.8	70
EOG091G0K0D	Missing
EOG091G0K0H	Missing
EOG091G0K1G	Missing
EOG091G0K1H	Missing
EOG091G0K1Z	Fragmented	C0000001227_Aala.05.001227	5054	11349	62.9	76
EOG091G0K2R	Fragmented	C0000090198_Aala.05.090190	1	4798	123.1	74
EOG091G0K6O	Fragmented	C0000175889_Aala.05.175878	1138	3239	38.2	56
EOG091G0K82	Missing
EOG091G0K92	Complete	C0000026565_Aala.05.026564	89	7924	85.8	138
EOG091G0K95	Fragmented	C0000154205_Aala.05.154196	18973	20559	80.1	85
EOG091G0K98	Missing
EOG091G0K9M	Missing
EOG091G0KC3	Complete	C0000042611_Aala.05.042606	364	9935	136.5	152
EOG091G0KEQ	Missing
EOG091G0KGO	Missing
EOG091G0KGX	Fragmented	C0000149142_Aala.05.149133	1	8227	68.7	49
EOG091G0KHF	Fragmented	C0000165351_Aala.05.165341	1095	7552	139.7	93
EOG091G0KJA	Complete	C0000009581_Aala.05.009580	864	15926	194.3	241
EOG091G0KM6	Missing
EOG091G0KNT	Complete	C0000310726_Aala.05.310736	66	8867	212.2	169
EOG091G0KPB	Complete	C0000311498_Aala.05.311508	265	15254	124.8	124
EOG091G0KR3	Missing
EOG091G0KRB	Complete	C0000022005_Aala.05.022004	1	16215	176.0	137
EOG091G0KRZ	Missing
EOG091G0KS8	Missing
EOG091G0KSQ	Missing
EOG091G0KSX	Missing
EOG091G0KUR	Missing
EOG091G0KVW	Missing
EOG091G0L2T	Missing
EOG091G0L3L	Missing
EOG091G0L4M	Missing
EOG091G0L4Z	Complete	C0000043574_Aala.05.043569	4666	10917	117.4	157
EOG091G0L5D	Missing
EOG091G0L5H	Missing
EOG091G0L5I	Complete	C0000102136_Aala.05.102128	233	818	289.2	161
EOG091G0L5X	Missing
EOG091G0L5Z	Missing
EOG091G0L66	Fragmented	C0000042489_Aala.05.042484	8307	11304	84.2	105
EOG091G0L84	Missing
EOG091G0LAR	Fragmented	C0000117205_Aala.05.117197	2029	5305	100.4	80
EOG091G0LB8	Fragmented	C0000300336_Aala.05.300346	1	7465	56.7	39
EOG091G0LBN	Missing
EOG091G0LCK	Complete	C0000083554_Aala.05.083547	1	1415	74.1	63
EOG091G0LCT	Missing
EOG091G0LFF	Missing
EOG091G0LIN	Missing
EOG091G0LKE	Missing
EOG091G0LMQ	Missing
EOG091G0LMX	Fragmented	C0000017232_Aala.05.017231	2452	5452	34.7	40
EOG091G0LMY	Missing
EOG091G0LO1	Missing
EOG091G0LP5	Missing
EOG091G0LPW	Missing
EOG091G0LRI	Fragmented	C0000083839_Aala.05.083832	5708	5992	107.9	75
EOG091G0LS0	Missing
EOG091G0LT0	Missing
EOG091G0LT1	Missing
EOG091G0LT7	Missing
EOG091G0LTE	Fragmented	C0000151928_Aala.05.151919	1	6704	45.4	34
EOG091G0LVQ	Missing
EOG091G0LZ0	Missing
EOG091G0M04	Missing
EOG091G0M09	Missing
EOG091G0M0J	Missing
EOG091G0M0S	Complete	C0000321258_Aala.05.321268	537	7525	138.8	107
EOG091G0M0T	Missing
EOG091G0M12	Missing
EOG091G0M22	Complete	C0000057036_Aala.05.057030	1	3718	133.4	146
EOG091G0M24	Missing
EOG091G0M3C	Missing
EOG091G0M4K	Fragmented	C0000168121_Aala.05.168110	4033	5098	67.2	50
EOG091G0M4Q	Missing
EOG091G0M8S	Missing
EOG091G0MB2	Complete	C0000020461_Aala.05.020460	6752	8469	230.4	134
EOG091G0MBG	Duplicated	C0000046260_Aala.05.046255	129	962	96.4	179
EOG091G0MBG	Duplicated	C0000148711_Aala.05.148702	2491	3492	95.8	179
EOG091G0MBX	Missing
EOG091G0MCM	Missing
EOG091G0MCZ	Missing
EOG091G0MDD	Missing
EOG091G0MDG	Missing
EOG091G0MDT	Missing
EOG091G0MF6	Missing
EOG091G0MG7	Fragmented	C0000073127_Aala.05.073120	3473	11634	48.4	73
EOG091G0MHM	Missing
EOG091G0MI7	Missing
EOG091G0MJA	Missing
EOG091G0MKY	Missing
EOG091G0MLD	Missing
EOG091G0MLX	Fragmented	C0000047164_Aala.05.047159	1206	3259	91.8	79
EOG091G0MMY	Complete	C0000160551_Aala.05.160541	5988	10948	169.3	153
EOG091G0MP6	Missing
EOG091G0MRS	Complete	C0000018724_Aala.05.018723	240	1221	193.0	154
EOG091G0MS7	Missing
EOG091G0MSB	Missing
EOG091G0MSR	Missing
EOG091G0MUD	Missing
EOG091G0MVL	Missing
EOG091G0MVR	Complete	C0000319543_Aala.05.319553	226	16128	173.8	197
EOG091G0MY0	Missing
EOG091G0MY8	Missing
EOG091G0MZC	Missing
EOG091G0N0A	Complete	C0000163451_Aala.05.163441	240	3762	163.4	80
EOG091G0N0R	Missing
EOG091G0N0U	Missing
EOG091G0N2F	Missing
EOG091G0N9D	Missing
EOG091G0N9Z	Missing
EOG091G0NH9	Missing
EOG091G0NIU	Missing
EOG091G0NIY	Missing
EOG091G0NK3	Complete	C0000131447_Aala.05.131439	344	7527	215.5	123
EOG091G0NKD	Duplicated	C0000110650_Aala.05.110642	1523	3823	109.1	171
EOG091G0NKD	Duplicated	C0000134313_Aala.05.134305	304	2754	109.9	172
EOG091G0NM1	Missing
EOG091G0NMJ	Missing
EOG091G0NNO	Missing
EOG091G0NOA	Complete	C0000149955_Aala.05.149946	7483	18515	175.8	155
EOG091G0NP6	Missing
EOG091G0NP7	Complete	C0000002212_Aala.05.002211	10867	21125	90.9	99
EOG091G0NQW	Missing
EOG091G0NRN	Complete	C0000010016_Aala.05.010015	3411	16850	151.6	148
EOG091G0NTO	Missing
EOG091G0NTZ	Missing
EOG091G0NVA	Complete	C0000019434_Aala.05.019433	230	28078	192.9	146
EOG091G0O40	Missing
EOG091G0O4W	Missing
EOG091G0O5A	Missing
EOG091G0O6E	Missing
EOG091G0O7O	Missing
EOG091G0O97	Fragmented	C0000161019_Aala.05.161009	2342	6225	69.0	102
EOG091G0O9D	Complete	C0000005888_Aala.05.005887	638	15412	200.8	148
EOG091G0OFC	Missing
EOG091G0OHF	Complete	C0000058670_Aala.05.058664	1	7524	509.3	278
EOG091G0OI8	Complete	C0000058248_Aala.05.058242	2775	7315	312.0	157
EOG091G0OM4	Complete	C0000041172_Aala.05.041167	1	3382	152.9	91
EOG091G0ONT	Complete	C0000037931_Aala.05.037927	3279	16075	130.3	190
EOG091G0OPI	Missing
EOG091G0OTI	Complete	C0000092724_Aala.05.092716	106	1789	151.0	156
EOG091G0OUM	Missing
EOG091G0OWC	Missing
EOG091G0OWI	Complete	C0000150013_Aala.05.150004	163	5215	189.8	145
EOG091G0OY0	Missing
EOG091G0P4K	Missing
EOG091G0P5H	Missing
EOG091G0P5N	Missing
EOG091G0P9B	Missing
EOG091G0PAG	Missing
EOG091G0PD3	Missing
EOG091G0PEI	Complete	C0000063993_Aala.05.063987	3495	3995	275.4	126
EOG091G0PGM	Missing
EOG091G0PHL	Missing
EOG091G0PIU	Missing
EOG091G0PL0	Fragmented	C0000109813_Aala.05.109805	2943	4114	76.2	60
EOG091G0PNO	Complete	C0000309832_Aala.05.309842	413	3231	151.7	136
EOG091G0PNP	Complete	C0000149592_Aala.05.149583	1366	18512	236.4	168
EOG091G0PUZ	Fragmented	C0000012233_Aala.05.012232	1	683	75.1	47
EOG091G0PVT	Missing
EOG091G0PXB	Missing
EOG091G0Q02	Fragmented	C0000029126_Aala.05.029124	6628	6966	82.5	77
EOG091G0Q05	Missing
EOG091G0Q1X	Missing
EOG091G0Q27	Fragmented	C0000042191_Aala.05.042186	1523	1813	100.9	82
EOG091G0Q58	Missing
EOG091G0Q7M	Complete	C0000009947_Aala.05.009946	45	12738	118.7	126
EOG091G0QBN	Complete	C0000176186_Aala.05.176175	150	2414	102.8	96
EOG091G0QCX	Complete	C0000107666_Aala.05.107658	156	5423	141.8	139
EOG091G0QE1	Missing
EOG091G0QEQ	Complete	C0000053373_Aala.05.053367	1303	2333	187.5	201
EOG091G0QGZ	Missing
EOG091G0QIP	Missing
EOG091G0QJA	Complete	C0000011221_Aala.05.011220	12426	22613	148.8	97
EOG091G0QKK	Complete	C0000123983_Aala.05.123975	3	1662	210.3	150
EOG091G0QNR	Missing
EOG091G0QNW	Missing
EOG091G0QPG	Missing
EOG091G0QRW	Missing
EOG091G0QS4	Missing
EOG091G0QS6	Missing
EOG091G0QUH	Fragmented	C0000300831_Aala.05.300841	903	3227	75.9	99
EOG091G0QW9	Missing
EOG091G0QZ2	Complete	C0000020895_Aala.05.020894	1661	7715	127.6	100
EOG091G0R04	Missing
EOG091G0R0A	Fragmented	C0000010747_Aala.05.010746	1	2214	132.7	110
EOG091G0R21	Missing
EOG091G0R3S	Missing
EOG091G0R6Z	Missing
EOG091G0R9X	Missing
EOG091G0RA2	Missing
EOG091G0RCI	Missing
EOG091G0RHX	Complete	C0000091414_Aala.05.091406	3705	9119	100.4	84
EOG091G0RI9	Missing
EOG091G0RKU	Missing
EOG091G0RM8	Missing
EOG091G0RPE	Fragmented	C0000028242_Aala.05.028240	3585	5234	26.4	24
EOG091G0RR3	Missing
EOG091G0RRA	Missing
EOG091G0RRE	Missing
EOG091G0RRN	Missing
EOG091G0RRT	Complete	C0000090710_Aala.05.090702	5656	15345	178.7	118
EOG091G0RT1	Missing
EOG091G0RTI	Missing
EOG091G0RTZ	Missing
EOG091G0RVD	Missing
EOG091G0RWI	Missing
EOG091G0RWW	Complete	C0000024066_Aala.05.024065	1	5695	121.5	82
EOG091G0S0I	Missing
EOG091G0S2R	Missing
EOG091G0S5L	Missing
EOG091G0S8Y	Missing
EOG091G0SAU	Missing
EOG091G0SB2	Missing
EOG091G0SBR	Complete	C0000033486_Aala.05.033483	5916	8609	129.6	125
EOG091G0SCV	Complete	C0000035568_Aala.05.035564	1246	3925	64.9	56
EOG091G0SGH	Missing
EOG091G0SGT	Missing
EOG091G0SM9	Complete	C0000004674_Aala.05.004673	124	14684	113.2	110
EOG091G0SNM	Missing
EOG091G0SOZ	Fragmented	C0000067118_Aala.05.067112	7335	8444	225.5	264
EOG091G0SQV	Missing
EOG091G0SRJ	Complete	C0000043602_Aala.05.043597	1	4735	179.3	138
EOG091G0SRZ	Missing
EOG091G0SU6	Missing
EOG091G0SV1	Fragmented	C0000011059_Aala.05.011058	3091	8206	50.2	33
EOG091G0T3D	Missing
EOG091G0T3X	Missing
EOG091G0T5O	Complete	C0000107632_Aala.05.107624	872	5632	97.6	183
EOG091G0T79	Fragmented	C0000091230_Aala.05.091222	1	4089	51.1	67
EOG091G0TA6	Missing
EOG091G0TAC	Missing
EOG091G0TAU	Missing
EOG091G0TCJ	Missing
EOG091G0TKH	Complete	C0000314125_Aala.05.314135	1	1095	148.0	104
EOG091G0TM2	Missing
EOG091G0TN4	Complete	C0000315997_Aala.05.316007	3679	9906	134.3	91
EOG091G0TNU	Missing
EOG091G0TQF	Missing
EOG091G0TRW	Missing
EOG091G0TSE	Missing
EOG091G0TVG	Missing
EOG091G0TWR	Fragmented	C0000175695_Aala.05.175684	51	3536	123.3	64
EOG091G0TZ2	Missing
EOG091G0TZU	Missing
EOG091G0TZX	Complete	C0000176700_Aala.05.176689	456	1867	186.8	106
EOG091G0U2U	Missing
EOG091G0U3W	Complete	C0000003643_Aala.05.003642	23708	36133	144.7	139
EOG091G0U4B	Fragmented	C0000299964_Aala.05.299974	1228	7070	108.5	92
EOG091G0U75	Complete	C0000013798_Aala.05.013797	415	13425	69.1	130
EOG091G0UB5	Complete	C0000158136_Aala.05.158127	12056	19023	178.5	104
EOG091G0UE6	Missing
EOG091G0UKA	Missing
EOG091G0UKP	Complete	C0000160100_Aala.05.160090	5481	14535	196.6	117
EOG091G0ULR	Missing
EOG091G0UOM	Complete	C0000309119_Aala.05.309129	1136	11031	107.8	115
EOG091G0UQ0	Missing
EOG091G0UQZ	Missing
EOG091G0UTL	Missing
EOG091G0UUT	Complete	C0000313558_Aala.05.313568	1336	3535	185.4	176
EOG091G0UXY	Missing
EOG091G0UYL	Complete	C0000007866_Aala.05.007865	54	7380	214.0	120
EOG091G0UZ0	Missing
EOG091G0V3C	Missing
EOG091G0VGJ	Complete	C0000319114_Aala.05.319124	2386	11365	162.9	97
EOG091G0VIF	Missing
EOG091G0VMU	Missing
EOG091G0VNB	Missing
EOG091G0VQK	Complete	C0000008376_Aala.05.008375	140	14634	39.4	209
EOG091G0VSN	Missing
EOG091G0VSZ	Missing
EOG091G0VTN	Complete	C0000312439_Aala.05.312449	323	9511	89.5	113
EOG091G0VVZ	Missing
EOG091G0VWO	Missing
EOG091G0VZF	Complete	C0000290502_Aala.05.290511	4312	7505	141.9	84
EOG091G0W0U	Missing
EOG091G0W1S	Complete	C0000317457_Aala.05.317467	1180	2733	192.6	111
EOG091G0W26	Missing
EOG091G0W2D	Missing
EOG091G0W5M	Missing
EOG091G0W6G	Missing
EOG091G0W86	Missing
EOG091G0W8V	Complete	C0000008933_Aala.05.008932	1	9835	136.7	79
EOG091G0W96	Missing
EOG091G0WAL	Fragmented	C0000302660_Aala.05.302670	5375	9989	176.7	106
EOG091G0WCB	Missing
EOG091G0WLL	Duplicated	C0000044018_Aala.05.044013	1	3312	147.9	80
EOG091G0WLL	Duplicated	C0000098263_Aala.05.098255	2390	4350	149.7	82
EOG091G0WPV	Missing
EOG091G0WT4	Complete	C0000170285_Aala.05.170274	8446	16098	173.5	90
EOG091G0WUF	Complete	C0000076795_Aala.05.076788	6596	15175	80.0	56
EOG091G0WZ0	Missing
EOG091G0X1V	Missing
EOG091G0X1Z	Missing
EOG091G0X3B	Missing
EOG091G0X8F	Missing
EOG091G0XHF	Missing
EOG091G0XKP	Missing
EOG091G0XN1	Missing
EOG091G0XQ3	Missing
EOG091G0XRQ	Missing
EOG091G0XVD	Missing
EOG091G0XXE	Missing
EOG091G0XXM	Missing
EOG091G0XYP	Missing
EOG091G0XZC	Missing
EOG091G0Y05	Missing
EOG091G0Y09	Missing
EOG091G0Y35	Complete	C0000315415_Aala.05.315425	178	8328	119.7	89
EOG091G0Y6M	Missing
EOG091G0Y96	Missing
EOG091G0YBP	Missing
EOG091G0YCT	Missing
EOG091G0YHX	Missing
EOG091G0YK9	Missing
EOG091G0YP6	Missing
EOG091G0YU6	Missing
EOG091G0YUO	Missing
EOG091G0YVI	Missing
EOG091G0YY3	Complete	C0000013698_Aala.05.013697	1	9036	37.4	87
EOG091G0YYA	Missing
EOG091G0YZ0	Complete	C0000146787_Aala.05.146778	1483	8726	97.3	87
EOG091G0Z43	Complete	C0000095806_Aala.05.095798	1	732	65.8	49
EOG091G0Z4E	Complete	C0000318538_Aala.05.318548	246	13460	115.4	90
EOG091G0Z6N	Complete	C0000155733_Aala.05.155724	143	13568	174.1	89
EOG091G0Z6Z	Missing
EOG091G0Z7J	Complete	C0000295355_Aala.05.295365	110	9062	79.2	351
EOG091G0ZDR	Missing
EOG091G0ZEJ	Complete	C0000071429_Aala.05.071422	2345	7575	103.4	128
EOG091G0ZLI	Complete	C0000148908_Aala.05.148899	3635	18352	164.0	76
EOG091G0ZLQ	Missing
EOG091G0ZNH	Missing
EOG091G0ZRG	Fragmented	C0000108869_Aala.05.108861	3965	5516	141.9	91
EOG091G0ZTA	Missing
EOG091G0ZUA	Missing
EOG091G0ZWE	Complete	C0000160222_Aala.05.160212	2041	3627	175.2	95
EOG091G105E	Missing
EOG091G107U	Missing
EOG091G1081	Missing
EOG091G10CG	Complete	C0000033302_Aala.05.033299	4866	7576	168.2	79
EOG091G10FG	Complete	C0000030700_Aala.05.030698	626	6438	74.2	71
EOG091G10IX	Complete	C0000043701_Aala.05.043696	375	7315	131.9	102
EOG091G10MO	Missing
EOG091G10O5	Missing
EOG091G10SA	Complete	C0000314597_Aala.05.314607	298	11831	83.4	64
EOG091G10SJ	Missing
EOG091G112U	Complete	C0000130197_Aala.05.130189	1	3515	121.7	86
EOG091G113O	Missing
EOG091G1144	Complete	C0000084431_Aala.05.084424	1524	3125	89.7	68
EOG091G114S	Missing
EOG091G115J	Missing
EOG091G116R	Missing
EOG091G11CG	Missing
EOG091G11CO	Missing
EOG091G11IM	Missing
EOG091G11O6	Complete	C0000319641_Aala.05.319651	2626	13573	140.9	86
EOG091G11OU	Missing
EOG091G11PB	Missing
EOG091G11QL	Complete	C0000009993_Aala.05.009992	16262	25150	117.8	67
EOG091G126L	Complete	C0000315874_Aala.05.315884	732	6725	143.6	82
EOG091G126R	Missing
EOG091G1285	Missing
EOG091G12A5	Missing
EOG091G1311	Duplicated	C0000291787_Aala.05.291797	1	7785	102.9	50
EOG091G1311	Duplicated	C0000309230_Aala.05.309240	7456	17207	106.2	58
EOG091G132G	Fragmented	C0000004344_Aala.05.004343	2097	10053	86.2	92
EOG091G134K	Missing
EOG091G13IJ	Fragmented	C0000293657_Aala.05.293667	1494	9262	158.7	92
EOG091G13NA	Missing
EOG091G13P1	Fragmented	C0000024785_Aala.05.024784	1696	12117	72.8	105
EOG091G13XF	Missing
EOG091G141O	Missing
EOG091G1422	Missing
EOG091G1467	Complete	C0000162356_Aala.05.162346	1	4795	169.2	136
EOG091G146E	Complete	C0000318769_Aala.05.318779	5816	21421	50.9	58
EOG091G14DH	Missing
EOG091G1549	Missing
EOG091G15HS	Missing
EOG091G15HV	Fragmented	C0000056975_Aala.05.056969	223	6034	53.5	51
EOG091G15KV	Missing
EOG091G15N9	Missing
EOG091G15XS	Missing
EOG091G15XZ	Fragmented	C0000031526_Aala.05.031523	1	2712	106.7	53
EOG091G167Y	Duplicated	C0000017631_Aala.05.017630	13687	16795	96.7	87
EOG091G167Y	Duplicated	C0000029588_Aala.05.029586	3816	5175	102.1	89
EOG091G167Y	Duplicated	C0000166725_Aala.05.166715	7075	13585	112.8	90
EOG091G16EY	Missing
EOG091G1757	Missing
EOG091G17I3	Missing
EOG091G17J4	Missing
EOG091G17K3	Complete	C0000312178_Aala.05.312188	9126	11701	75.9	58
EOG091G1817	Complete	C0000054769_Aala.05.054763	1	26175	457.9	378
EOG091G184V	Complete	C0000034052_Aala.05.034049	1	2905	113.0	131
EOG091G18B1	Missing
EOG091G18BK	Complete	C0000309458_Aala.05.309468	2346	3329	79.0	103
EOG091G18YA	Missing
EOG091G18Z5	Missing
EOG091G197A	Missing
EOG091G19WY	Missing
EOG091G19Y2	Missing
EOG091G1A1V	Missing
EOG091G1A3H	Missing
EOG091G1AP6	Complete	C0000048782_Aala.05.048777	842	4155	168.4	125
EOG091G1BQN	Missing
EOG091G1CLN	Complete	C0000310001_Aala.05.310011	2896	7249	76.1	38
